Time_hr,Choke_pct,OilRate_bbl_hr,WHP_psi,FLP_psi,BHP_psi
0,35.0,90.2,249.49,180.01,3015.83
1,40.0,93.31,247.76,177.76,3022.02
2,42.47,98.25,245.02,176.38,3019.78
3,42.47,101.5,245.0,175.03,3021.34
4,42.47,103.55,243.24,174.79,3019.35
5,42.47,104.96,241.6,176.28,3020.1
6,42.47,105.88,241.87,175.66,3020.11
7,42.47,107.18,242.6,174.89,3019.41
8,42.47,107.65,240.05,173.57,3022.81
9,42.47,108.93,240.32,174.31,3023.07
10,42.47,110.55,241.87,174.27,3020.72
11,42.47,109.34,242.05,173.74,3018.15
12,42.47,108.97,240.88,175.32,3020.95
13,42.47,109.03,242.63,175.14,3019.43
14,42.47,109.84,242.91,174.13,3019.7
15,42.47,109.21,241.19,174.98,3024.1
16,42.47,108.51,241.93,174.32,3022.38
17,42.47,108.42,241.02,174.42,3020.49
18,42.47,108.78,241.19,174.26,3019.01
19,42.47,108.62,242.12,174.74,3017.84
20,42.47,108.84,242.77,173.33,3020.06
21,42.47,108.61,243.04,173.08,3016.92
22,42.47,107.97,242.71,173.72,3016.52
23,42.47,108.66,240.77,173.9,3015.62
24,42.47,108.49,241.12,173.4,3016.65
25,42.47,109.21,240.74,174.4,3015.88
26,42.47,109.47,242.49,172.46,3016.01
27,42.47,109.67,242.07,173.37,3016.48
28,47.47,112.72,240.48,173.75,3012.23
29,52.47,118.13,237.75,171.79,3001.58
30,57.47,125.1,234.49,170.14,2992.84
31,62.47,133.36,230.95,168.81,2975.46
32,63.92,138.6,227.4,165.17,2961.58
33,63.92,143.3,227.6,164.37,2952.13
34,63.92,146.99,223.85,163.74,2947.49
35,63.92,148.43,224.58,163.39,2941.88
36,63.92,150.48,226.22,163.01,2939.27
37,63.92,151.38,224.24,163.27,2935.24
38,63.92,152.27,223.24,163.16,2934.8
39,63.92,153.38,222.5,162.49,2931.86
40,63.92,153.41,222.87,162.85,2929.92
41,63.92,154.09,224.1,162.82,2934.16
42,63.92,153.75,222.37,161.04,2936.36
43,63.92,154.22,222.34,161.45,2932.67
44,63.92,155.45,222.51,161.6,2933.78
45,63.92,155.32,222.72,160.98,2934.05
46,63.92,155.94,223.99,162.45,2932.27
47,58.92,151.78,224.76,163.16,2940.54
48,53.92,145.37,228.3,164.38,2949.59
49,48.92,138.07,228.95,166.92,2963.22
50,43.92,129.67,231.11,168.67,2982.25
51,38.92,121.16,233.77,170.87,2997.99
52,33.92,110.83,238.42,173.32,3017.25
53,29.36,103.01,244.1,175.82,3032.87
54,29.36,97.89,247.0,177.8,3045.96
55,24.36,89.97,250.18,179.62,3060.39
56,23.49,83.76,252.24,180.93,3072.89
57,23.49,79.3,255.73,180.31,3083.62
58,23.49,76.93,254.6,181.71,3088.2
59,23.49,73.94,255.1,182.08,3095.65
60,23.49,73.02,257.5,183.81,3095.11
61,23.49,71.65,258.4,183.46,3098.41
62,23.49,70.83,258.16,184.76,3100.18
63,23.49,70.2,259.53,184.24,3101.77
64,23.49,70.23,259.02,185.0,3099.15
65,23.49,70.42,258.79,184.86,3101.91
66,23.49,69.74,257.4,183.93,3102.96
67,23.49,68.97,259.6,182.86,3105.87
68,23.49,69.18,259.28,183.34,3105.32
69,23.49,69.2,260.26,184.2,3104.43
70,23.49,69.06,259.78,184.96,3100.09
71,23.49,68.46,260.25,185.38,3100.1
72,23.49,68.73,260.18,185.11,3098.93
73,23.49,69.0,258.81,185.67,3096.25
74,23.49,69.61,259.3,185.95,3099.75
75,23.49,70.36,260.18,184.46,3097.67
76,23.49,69.73,259.81,185.31,3097.33
77,23.49,69.7,258.77,185.0,3095.73
78,23.49,69.13,257.45,184.49,3099.52
79,23.49,68.71,260.5,185.31,3100.45
80,23.49,68.46,260.71,185.03,3100.96
81,28.49,73.15,258.71,185.31,3093.38
82,33.49,78.28,257.83,183.19,3086.8
83,38.49,85.4,253.53,181.81,3074.21
84,43.49,93.48,248.16,178.86,3056.66
85,48.49,101.95,245.24,176.62,3035.9
86,53.49,111.25,241.84,174.45,3019.9
87,56.07,119.61,238.61,171.97,2999.97
88,56.07,125.27,236.09,170.5,2986.78
89,56.07,128.47,235.18,169.23,2981.46
90,56.07,131.26,233.52,169.12,2975.35
91,56.07,133.25,231.86,167.94,2971.48
92,56.07,134.71,230.69,168.47,2967.6
93,56.07,135.53,229.9,169.0,2967.07
94,56.07,136.71,228.31,168.42,2968.08
95,56.07,137.06,229.74,167.39,2969.83
96,56.07,138.41,229.32,166.72,2971.15
97,56.07,139.0,228.86,166.28,2968.59
98,56.07,137.95,228.15,165.5,2965.84
99,56.07,137.87,228.8,167.0,2963.44
100,56.07,138.32,228.81,166.77,2965.12
101,56.07,137.59,229.41,166.78,2965.92
102,56.07,137.78,231.9,166.14,2964.44
103,51.07,134.3,231.99,166.6,2973.14
104,46.07,129.75,233.38,167.66,2984.1
105,41.07,122.42,236.91,170.13,2994.09
106,36.07,115.19,241.9,172.11,3009.64
107,31.07,106.35,245.27,175.41,3031.63
108,26.07,96.78,247.86,176.99,3047.83
109,21.24,87.11,253.56,179.66,3067.17
110,21.24,80.34,256.95,183.96,3079.2
111,21.24,75.37,259.17,185.5,3092.38
112,21.24,72.43,259.33,186.5,3100.13
113,21.24,70.49,260.3,187.58,3105.67
114,21.24,69.41,261.13,187.35,3107.51
115,21.24,68.57,260.24,187.62,3107.71
116,21.24,67.39,261.71,187.66,3108.74
117,21.24,65.87,262.21,188.06,3113.69
118,21.24,65.33,262.03,188.02,3115.98
119,21.24,65.06,261.97,188.28,3114.8
120,21.24,64.7,261.84,188.83,3111.55
121,21.24,64.73,260.85,189.31,3108.28
122,21.24,64.41,261.24,189.95,3108.91
123,21.24,64.19,263.02,187.98,3105.08
124,21.24,64.53,261.88,186.95,3108.22
125,21.24,64.67,261.02,186.02,3110.74
126,21.24,64.97,260.88,187.87,3108.62
127,21.24,64.1,260.19,187.65,3109.77
128,21.24,64.13,260.75,186.53,3112.97
129,21.24,64.22,261.91,187.02,3113.23
130,21.24,64.62,262.05,187.61,3115.17
131,21.24,64.71,262.41,187.43,3116.74
132,26.24,67.49,262.41,186.45,3105.8
133,31.24,72.98,258.57,185.56,3093.4
134,36.24,79.69,253.33,183.01,3074.88
135,41.24,86.97,250.95,181.31,3061.31
136,46.24,95.52,247.14,178.59,3042.34
137,51.24,105.9,244.04,175.62,3025.14
138,56.24,115.66,237.6,172.61,3005.38
139,61.24,125.04,233.51,171.24,2987.89
140,66.24,134.97,230.14,169.07,2969.92
141,69.95,144.58,225.57,166.32,2951.59
142,64.95,148.57,225.0,165.57,2943.21
143,59.95,148.42,225.51,166.77,2943.34
144,54.95,145.38,227.22,166.33,2950.14
145,49.95,139.07,229.99,167.86,2961.02
146,44.95,131.65,235.0,170.79,2976.95
147,39.95,123.34,237.84,172.85,2991.49
148,34.95,114.23,239.38,175.03,3011.3
149,30.91,105.19,244.79,175.97,3026.04
150,30.91,99.22,248.06,178.97,3038.36
151,35.91,98.62,247.91,178.67,3043.37
152,38.25,99.46,245.63,179.37,3044.92
153,38.25,99.41,246.01,179.07,3043.77
154,38.25,99.41,245.21,178.44,3044.78
155,38.25,99.96,244.94,178.64,3037.45
156,38.25,100.65,243.39,177.87,3035.77
157,38.25,99.91,245.21,177.25,3037.53
158,38.25,100.01,245.79,177.25,3035.51
159,38.25,100.61,245.23,175.94,3035.8
160,38.25,101.27,246.18,176.0,3036.16
161,38.25,100.83,248.08,176.62,3037.97
162,38.25,101.2,247.56,176.54,3037.99
163,38.25,100.9,246.93,177.27,3038.49
164,38.25,101.1,246.44,177.27,3034.75
165,38.25,101.33,246.53,178.0,3030.33
166,38.25,102.07,246.1,178.6,3030.95
167,38.25,101.86,244.89,177.64,3037.29
168,38.25,101.31,245.31,178.16,3038.9
169,43.25,104.24,244.4,178.85,3032.61
170,45.92,108.0,243.74,177.81,3027.35
171,45.92,110.84,241.07,177.51,3019.0
172,45.92,112.67,239.6,175.94,3016.1
173,45.92,113.96,239.74,176.18,3014.32
174,45.92,114.58,240.39,176.02,3009.71
175,45.92,115.43,240.58,174.71,3011.7
176,45.92,115.65,240.13,173.89,3010.36
177,45.92,115.34,238.25,174.74,3007.71
178,45.92,115.17,236.23,173.54,3004.89
179,45.92,116.37,237.97,172.66,3010.07
180,45.92,116.87,237.86,170.6,3013.78
181,50.92,119.19,235.11,171.07,3010.37
182,55.92,125.36,234.04,170.16,2998.51
183,56.71,129.86,232.8,168.99,2987.38
184,56.71,132.25,231.37,166.73,2979.51
185,56.71,133.81,229.54,166.65,2976.99
186,56.71,135.85,227.8,165.65,2974.32
187,56.71,136.33,227.92,166.19,2968.63
188,56.71,137.21,226.9,165.64,2967.22
189,51.71,133.83,229.31,166.63,2973.0
190,46.71,129.22,233.27,168.33,2981.39
191,41.71,122.79,236.57,170.36,2994.5
192,37.53,115.25,238.8,171.38,3012.36
193,37.53,109.7,240.34,172.63,3023.16
194,37.53,106.28,243.35,173.55,3029.48
195,37.53,103.62,246.36,173.78,3033.97
196,37.53,102.5,246.73,174.74,3036.23
197,37.53,101.41,246.43,176.34,3042.5
198,37.53,100.35,245.0,176.61,3047.62
199,37.53,99.49,247.01,178.21,3044.94
200,37.53,99.57,248.4,177.69,3043.77
201,37.53,99.05,246.73,177.11,3040.9
202,37.53,99.0,245.81,177.41,3038.23
203,42.53,102.26,245.42,174.94,3033.93
204,47.36,108.03,241.79,175.27,3024.91
205,47.36,111.11,240.41,174.61,3017.91
206,47.36,113.89,238.58,173.84,3010.03
207,47.36,115.5,237.31,172.57,3009.81
208,47.36,117.24,237.94,171.4,3006.56
209,47.36,118.51,237.91,173.31,3005.7
210,47.36,118.89,237.44,172.9,3004.0
211,47.36,119.42,238.38,171.87,3000.46
212,47.36,118.51,238.58,170.9,2996.34
213,47.36,118.99,240.71,171.1,2999.44
214,47.36,119.18,239.61,171.98,2999.35
215,47.36,119.4,239.26,171.33,3001.85
216,47.36,119.33,237.94,171.83,2999.82
217,47.36,119.38,237.76,172.63,3001.14
218,47.36,119.4,238.46,173.42,3002.24
219,47.36,119.42,236.82,172.02,3001.28
220,47.36,119.13,236.8,171.93,3002.27
221,47.36,119.2,237.46,171.88,2997.96
222,47.36,118.81,237.29,170.82,3000.09
223,47.36,119.77,238.53,170.88,3003.37
224,47.36,119.75,237.85,170.6,3002.07
225,47.36,119.47,237.88,171.02,3001.78
226,47.36,119.69,238.91,171.95,2998.6
227,42.36,115.19,240.74,171.65,3005.19
228,37.36,109.59,240.63,173.86,3018.07
229,32.36,102.81,241.11,175.44,3032.66
230,31.98,97.38,244.32,177.04,3043.72
231,31.98,94.37,245.42,179.13,3049.99
232,31.98,92.19,246.23,179.28,3052.93
233,31.98,90.6,249.43,178.64,3053.53
234,31.98,90.3,249.76,178.76,3059.25
235,31.98,89.06,252.02,179.92,3060.21
236,31.98,89.57,251.18,180.78,3062.45
237,31.98,89.49,252.75,180.81,3061.91
238,31.98,89.02,251.61,182.42,3063.32
239,31.98,88.28,251.68,180.86,3062.08
240,31.98,88.54,250.88,180.01,3064.24
241,31.98,88.72,251.7,181.05,3063.16
242,31.98,87.54,253.06,180.72,3063.41
243,31.98,88.09,253.06,181.11,3068.42
244,36.98,90.64,252.09,180.17,3061.84
245,41.98,96.66,249.63,178.99,3052.54
246,46.98,103.08,245.22,176.0,3033.65
247,51.98,111.93,240.52,173.67,3017.5
248,55.54,119.5,238.18,172.26,3001.1
249,55.54,124.56,236.01,170.38,2994.0
250,56.45,129.0,234.7,169.64,2987.02
251,56.45,131.96,231.75,168.9,2978.48
252,56.45,133.67,231.57,169.06,2973.85
253,56.45,135.29,232.56,168.37,2975.77
254,56.45,136.55,229.79,168.3,2972.67
255,56.45,137.8,230.28,167.54,2967.29
256,56.45,137.92,229.11,166.65,2967.15
257,56.45,138.94,229.53,165.54,2966.76
258,56.45,139.42,228.82,165.61,2965.63
259,51.45,135.62,230.93,166.57,2971.95
260,46.45,129.75,232.67,168.81,2981.09
261,41.45,123.81,235.28,170.89,2996.4
262,36.45,114.92,237.09,171.84,3014.07
263,31.45,105.98,244.03,174.17,3030.59
264,26.45,97.62,249.68,178.81,3050.5
265,23.9,89.91,252.92,181.49,3064.13
266,23.9,83.59,254.59,182.6,3073.87
267,23.9,79.92,256.71,183.59,3084.54
268,23.9,76.43,257.05,183.64,3085.33
269,23.9,74.52,257.36,185.45,3090.87
270,23.9,72.71,259.55,186.49,3094.66
271,23.9,71.84,258.27,185.94,3098.32
272,23.9,72.29,259.88,185.47,3096.47
273,23.9,71.73,257.69,185.78,3097.11
274,23.9,71.04,256.34,186.16,3096.8
275,23.9,70.2,254.11,185.98,3101.18
276,23.9,71.03,254.97,185.41,3101.65
277,23.9,70.28,256.32,186.09,3103.49
278,23.9,70.21,256.77,185.26,3100.67
279,23.9,70.09,257.65,186.11,3098.75
280,23.9,70.87,257.63,185.96,3097.51
281,23.9,69.45,258.77,186.46,3097.58
282,23.9,69.71,259.2,184.97,3097.13
283,23.9,70.25,257.73,185.41,3095.16
284,23.9,70.47,257.92,184.19,3098.82
285,23.9,70.02,257.28,184.79,3101.35
286,23.9,69.57,257.71,185.4,3102.22
287,28.9,72.99,256.22,183.91,3095.31
288,33.9,77.92,251.28,182.99,3085.8
289,38.9,83.87,248.38,181.58,3075.16
290,43.9,92.38,245.29,179.06,3060.04
291,48.9,101.15,241.7,176.15,3038.51
292,53.9,110.83,240.26,173.86,3018.53
293,58.9,120.54,234.71,171.81,2998.6
294,63.9,130.55,234.24,169.0,2977.0
295,68.9,140.58,230.51,165.99,2954.2
296,73.9,151.42,224.74,164.39,2936.98
297,77.94,160.87,221.55,161.1,2919.39
298,77.94,167.96,217.2,158.22,2907.43
299,77.94,172.5,214.59,155.96,2897.85
300,77.94,176.88,212.1,155.17,2893.12
301,77.94,178.88,211.88,153.74,2887.84
302,77.94,180.22,212.26,154.54,2888.46
303,77.94,181.55,211.86,154.3,2883.02
304,77.94,182.35,210.97,154.12,2882.54
305,77.94,182.24,211.77,154.91,2879.34
306,77.94,181.61,210.59,155.44,2877.29
307,77.94,181.73,209.87,155.45,2877.0
308,77.94,182.19,209.5,154.48,2873.85
309,77.94,183.44,209.28,155.08,2876.54
310,77.94,184.01,209.02,154.85,2875.33
311,77.94,183.46,209.6,153.42,2876.9
312,72.94,180.14,211.23,154.49,2881.41
313,67.94,175.19,213.04,156.61,2888.69
314,62.94,168.35,218.07,157.5,2901.43
315,57.94,160.6,221.19,160.1,2918.98
316,52.94,152.09,225.65,162.87,2936.1
317,47.94,143.0,230.91,165.27,2952.92
318,42.94,133.7,233.92,166.23,2974.64
319,47.94,129.53,234.71,167.99,2982.22
320,52.94,130.37,233.57,168.48,2980.34
321,57.94,134.13,232.47,166.76,2975.41
322,61.05,138.09,231.05,166.03,2969.53
323,61.05,141.01,228.9,165.22,2961.14
324,61.05,143.57,226.13,163.82,2953.73
325,61.05,145.44,227.52,163.6,2950.35
326,61.05,146.31,227.94,162.79,2948.79
327,61.05,147.37,227.57,163.11,2949.23
328,61.05,146.27,227.5,162.67,2943.87
329,61.05,147.11,228.14,162.77,2945.69
330,61.05,148.25,228.53,164.26,2946.54
331,61.05,148.27,225.88,163.79,2943.96
332,61.05,149.34,225.46,163.77,2944.95
333,61.05,149.02,227.03,163.15,2944.92
334,61.05,148.41,225.12,162.72,2944.45
335,56.05,144.99,225.75,162.69,2950.32
336,51.05,138.9,229.0,164.76,2957.98
337,46.05,132.09,231.12,167.3,2975.24
338,41.05,123.39,234.81,169.59,2992.28
339,36.05,115.19,237.88,171.97,3007.58
340,31.05,106.74,242.15,176.31,3026.05
341,27.32,97.58,244.62,177.06,3040.64
342,27.32,91.65,248.36,177.76,3055.81
343,27.32,87.13,250.62,180.8,3066.44
344,27.32,84.07,251.17,179.92,3070.64
345,27.32,81.95,251.45,180.92,3075.18
346,27.32,80.47,251.99,181.86,3079.08
347,27.32,79.0,254.43,182.31,3080.97
348,27.32,78.86,254.96,183.46,3082.83
349,27.32,78.11,255.45,182.59,3083.77
350,27.32,77.87,255.23,182.79,3080.45
351,27.32,77.45,255.38,183.16,3079.83
352,22.32,74.91,255.87,184.97,3088.61
353,22.06,72.01,258.93,184.55,3096.07
354,22.06,70.81,258.62,186.33,3098.95
355,22.06,69.61,259.34,186.35,3103.08
356,22.06,69.02,257.83,187.52,3101.03
357,22.06,68.73,259.65,186.42,3102.1
358,22.06,67.46,259.58,186.28,3105.23
359,22.06,67.78,261.15,185.97,3105.44
360,22.06,66.5,260.04,186.98,3109.24
361,22.06,65.83,259.48,186.89,3109.23
362,22.06,65.58,260.1,186.48,3108.63
363,22.06,66.08,260.12,186.21,3108.02
364,22.06,66.11,259.76,186.17,3111.01
365,22.06,66.46,259.58,186.91,3109.24
366,22.06,67.01,260.12,186.78,3109.57
367,22.06,66.02,259.0,185.82,3109.18
368,22.06,66.98,261.57,186.61,3109.63
369,22.06,65.89,260.6,186.03,3107.7
370,22.06,65.94,259.99,184.66,3109.09
371,22.06,65.52,260.28,186.95,3106.72
372,22.06,64.5,259.95,187.78,3110.82
373,22.06,64.43,260.5,187.1,3109.56
374,22.06,66.33,258.89,187.2,3109.83
375,22.06,66.87,259.37,187.32,3108.3
376,22.06,66.84,259.26,187.65,3107.27
377,22.06,66.88,259.49,188.28,3107.19
378,22.06,65.83,260.95,187.1,3105.92
379,27.06,68.83,260.73,184.39,3106.32
380,32.06,74.91,258.08,183.26,3094.6
381,35.53,81.08,255.71,182.33,3081.63
382,35.53,85.04,253.25,181.08,3074.65
383,35.53,88.21,248.74,180.89,3067.88
384,35.53,90.12,248.14,181.12,3064.65
385,35.53,91.08,248.51,179.62,3057.73
386,35.53,91.82,249.23,180.1,3056.67
387,35.53,93.02,249.38,179.16,3055.77
388,35.53,93.9,249.73,179.97,3055.69
389,35.53,94.28,250.29,179.56,3052.46
390,35.53,94.3,248.87,178.76,3051.67
391,35.53,94.0,248.31,177.22,3051.83
392,35.53,94.18,247.4,178.19,3053.39
393,35.53,93.5,246.83,177.72,3050.73
394,35.53,94.25,246.99,177.8,3046.74
395,35.53,94.67,246.06,178.11,3048.51
396,35.53,95.33,245.34,175.87,3049.56
397,35.53,96.02,247.39,176.88,3048.95
398,35.53,96.0,246.61,177.8,3050.51
399,35.53,96.11,249.79,178.38,3049.57
400,38.7,97.65,246.64,177.34,3045.12
401,38.7,98.47,246.35,176.52,3045.06
402,38.7,99.31,245.98,176.33,3043.09
403,38.7,100.32,244.87,175.94,3040.79
404,38.7,99.93,244.14,175.81,3041.53
405,38.7,100.47,244.64,176.78,3040.03
406,38.7,100.9,244.7,176.99,3038.09
407,38.7,99.8,244.7,178.07,3039.75
408,38.7,100.72,246.08,177.75,3039.46
409,38.7,100.58,245.49,177.95,3041.26
410,38.7,100.72,244.94,177.6,3041.32
411,38.7,100.16,242.71,176.91,3037.72
412,38.7,100.24,243.3,176.51,3040.54
413,38.7,100.72,244.16,177.09,3037.34
414,38.7,101.4,244.39,177.53,3035.23
415,38.7,100.59,245.44,177.61,3034.09
416,38.7,100.36,246.48,176.41,3038.38
417,38.7,100.18,246.73,176.26,3039.31
418,43.7,103.39,244.75,175.55,3030.45
419,48.7,109.43,241.66,173.93,3017.96
420,52.8,114.58,238.71,174.18,3007.61
421,52.8,119.46,236.58,172.44,2999.89
422,52.8,122.3,236.46,171.77,2994.83
423,52.8,125.09,235.29,171.28,2991.03
424,52.8,126.65,233.87,170.47,2990.29
425,52.8,127.3,231.99,169.96,2986.77
426,52.8,128.47,232.38,169.29,2987.19
427,57.8,131.54,230.23,168.01,2974.91
428,62.8,137.56,229.86,166.32,2963.77
429,67.8,144.38,225.98,163.92,2948.57
430,72.8,153.57,223.09,160.75,2932.76
431,77.8,162.76,220.3,159.79,2912.87
432,78.18,168.78,215.84,157.59,2901.44
433,78.18,173.89,213.91,155.99,2892.81
434,78.18,176.56,214.72,153.83,2886.84
435,78.18,179.85,213.2,153.46,2881.57
436,78.18,181.06,213.51,151.58,2881.67
437,78.18,181.28,212.08,151.69,2879.84
438,78.18,181.35,211.81,153.73,2874.66
439,78.18,182.29,210.5,153.88,2873.8
440,78.18,182.53,210.73,155.09,2872.78
441,78.18,183.38,209.11,153.73,2873.39
442,78.18,184.36,209.63,153.29,2872.87
443,78.18,183.68,210.24,153.93,2871.6
444,78.18,183.59,210.32,153.33,2871.49
445,78.18,184.81,209.87,152.98,2870.25
446,78.18,184.99,209.62,152.49,2873.32
447,78.18,185.45,209.03,151.18,2874.84
448,78.18,184.73,210.0,150.18,2875.67
449,78.18,183.95,210.63,151.06,2872.56
450,78.18,183.81,211.02,151.76,2873.46
451,76.37,183.77,209.53,153.78,2875.4
452,76.37,182.3,208.72,153.75,2878.4
453,76.37,181.66,210.99,152.72,2878.63
454,76.37,180.65,211.44,153.86,2877.97
455,76.37,179.27,211.59,154.31,2879.16
456,76.37,180.22,210.42,154.81,2881.57
457,76.37,179.38,210.99,154.22,2880.71
458,76.37,179.85,210.59,153.67,2880.34
459,76.37,179.46,209.71,154.36,2877.71
460,76.37,180.07,210.64,152.93,2876.82
461,76.37,180.76,209.84,152.93,2878.47
462,76.37,181.04,210.02,152.83,2881.55
463,76.37,181.71,211.37,153.3,2879.24
464,76.37,180.89,211.86,153.9,2882.05
465,76.37,181.06,210.18,154.82,2879.21
466,76.37,180.67,210.76,156.23,2885.44
467,76.37,180.88,210.73,156.04,2885.36
468,76.37,180.57,212.68,155.67,2884.52
469,76.37,180.85,212.68,155.89,2881.7
470,76.37,180.43,211.16,155.73,2882.52
471,76.37,180.64,212.86,155.26,2882.88
472,76.37,180.02,212.0,155.49,2883.49
473,76.37,179.98,211.71,153.88,2881.5
474,76.37,180.54,212.15,154.37,2880.92
475,76.37,180.5,211.22,154.87,2881.26
476,76.37,180.71,210.71,152.94,2882.85
477,76.37,180.37,210.02,153.87,2880.99
478,71.37,177.75,212.36,155.41,2884.03
479,66.37,172.84,214.99,156.54,2895.48
480,61.37,164.77,218.33,157.71,2906.81
481,56.37,156.09,222.73,159.75,2926.81
482,55.87,150.19,223.11,160.87,2940.83
483,55.87,146.26,224.55,162.68,2949.19
484,55.87,144.14,227.54,163.53,2951.38
485,55.87,141.89,228.46,163.64,2953.65
486,55.87,140.7,228.78,164.52,2955.64
487,55.87,139.57,228.14,165.82,2960.61
488,55.87,137.98,227.68,164.82,2960.73
489,55.87,137.74,226.84,164.58,2960.1
490,55.87,137.73,227.77,164.57,2962.02
491,55.87,137.33,228.08,166.48,2965.7
492,55.87,136.69,229.4,167.13,2963.29
493,55.87,137.29,231.03,166.03,2962.07
494,55.87,137.81,230.91,166.61,2963.73
495,55.87,137.86,229.22,167.41,2966.55
496,55.87,137.59,229.33,165.9,2967.21
497,55.87,137.8,229.38,166.97,2965.98
498,55.87,137.94,228.46,166.81,2965.43
499,55.87,137.87,228.47,166.6,2967.05
500,55.87,137.49,227.23,167.96,2969.3
501,55.87,136.8,228.67,167.11,2968.64
502,55.87,137.11,228.75,166.3,2966.26
503,55.87,136.72,228.21,166.3,2964.55
504,55.87,137.24,230.14,165.89,2965.26
505,55.87,137.52,230.49,166.12,2966.77
506,50.87,134.56,230.37,167.82,2974.41
507,45.87,128.71,232.91,169.77,2983.87
508,40.87,122.38,238.36,170.85,2994.44
509,35.87,114.42,241.89,172.95,3013.82
510,30.87,104.88,245.68,175.03,3034.21
511,25.87,96.71,248.22,177.42,3053.06
512,25.31,89.45,250.88,179.66,3061.42
513,25.31,84.55,252.09,180.81,3073.99
514,25.31,80.5,254.44,181.79,3079.34
515,22.71,77.06,256.32,183.62,3088.86
516,22.71,74.08,256.68,183.58,3091.93
517,22.71,73.64,258.79,183.34,3093.09
518,22.71,72.1,259.56,184.69,3096.03
519,22.71,70.72,259.89,185.26,3094.16
520,22.71,69.7,258.94,185.73,3103.27
521,22.71,69.28,258.81,186.66,3104.63
522,22.71,69.02,259.64,188.22,3102.36
523,22.71,68.86,258.69,188.11,3101.2
524,22.71,68.3,258.66,188.37,3104.06
525,22.71,67.5,258.98,187.2,3101.7
526,22.71,67.45,258.85,188.89,3103.44
527,22.71,66.84,258.49,188.95,3107.96
528,27.71,69.45,255.58,188.78,3101.44
529,32.71,74.79,254.61,184.15,3089.79
530,37.71,82.28,252.97,181.3,3075.51
531,42.71,90.04,249.8,178.51,3058.22
532,43.32,95.82,247.82,177.84,3045.7
533,43.32,100.39,244.33,176.45,3037.31
534,43.32,104.87,242.22,176.89,3033.52
535,43.32,106.84,243.62,176.32,3029.66
536,43.32,108.06,244.06,176.51,3024.93
537,43.32,108.27,242.94,175.12,3022.74
538,43.32,109.7,241.9,174.75,3021.45
539,48.32,113.66,238.04,173.14,3014.55
540,53.32,119.75,235.74,170.1,3004.24
541,58.32,126.25,232.08,168.07,2989.12
542,63.32,133.97,227.15,166.97,2975.15
543,68.32,143.14,223.42,164.42,2956.51
544,69.72,150.43,222.24,161.96,2941.87
545,69.72,155.45,222.2,161.38,2933.03
546,69.72,158.79,222.12,160.75,2923.55
547,69.72,161.78,221.36,159.62,2917.67
548,69.72,163.32,220.59,159.34,2915.14
549,69.72,165.1,220.66,159.14,2914.63
550,69.72,164.98,220.03,160.29,2911.95
551,69.72,164.99,218.55,158.78,2908.94
552,64.72,162.08,218.1,159.51,2916.51
553,59.72,156.63,222.06,161.32,2928.37
554,54.72,149.79,225.52,162.2,2942.69
555,49.72,142.26,228.99,163.65,2955.44
556,44.72,134.06,231.27,166.87,2969.72
557,39.72,125.29,233.93,170.1,2990.0
558,36.86,116.58,238.38,172.65,3005.49
559,36.86,110.32,238.95,174.5,3014.27
560,36.86,106.49,241.05,176.06,3022.95
561,36.86,103.6,243.52,176.87,3030.26
562,36.86,101.97,242.98,177.78,3035.97
563,36.86,100.09,243.89,177.78,3038.47
564,36.86,99.45,246.2,178.68,3037.86
565,36.86,99.15,247.72,178.75,3042.25
566,36.86,99.63,248.48,178.69,3045.23
567,36.86,99.03,248.01,178.17,3048.35
568,36.86,98.13,249.19,178.48,3044.61
569,36.86,98.1,246.38,178.8,3046.56
570,31.86,94.44,247.99,180.99,3051.44
571,28.46,89.51,251.39,183.14,3060.16
572,28.46,87.09,253.63,182.48,3065.29
573,28.46,85.5,255.54,183.07,3068.09
574,28.46,84.77,254.67,182.76,3072.49
575,28.46,84.04,255.44,183.14,3075.82
576,28.46,82.78,255.68,181.05,3076.63
577,28.46,81.99,254.14,181.92,3077.37
578,28.46,82.2,255.79,181.85,3078.01
579,28.46,81.43,254.92,182.33,3077.23
580,28.46,80.36,255.38,183.01,3076.6
581,28.46,80.63,254.45,183.19,3079.41
582,28.46,80.35,254.89,182.7,3079.34
583,28.46,80.07,253.99,182.62,3076.59
584,28.46,79.73,253.83,182.51,3077.27
585,28.46,79.71,254.48,183.33,3076.94
586,28.46,79.12,253.41,182.82,3077.3
587,28.46,78.93,252.41,182.49,3078.62
588,28.46,79.47,252.44,182.29,3077.33
589,28.46,79.54,252.18,182.94,3074.7
590,28.46,79.43,253.14,183.08,3081.82
591,28.46,79.7,252.51,182.96,3077.87
592,28.46,79.68,252.24,183.68,3077.56
593,28.46,79.64,252.25,184.85,3077.79
594,28.46,80.59,253.71,184.66,3079.34
595,24.47,78.03,253.06,184.63,3086.39
596,24.47,76.01,253.13,184.79,3093.05
597,24.47,75.25,254.52,185.71,3093.56
598,24.47,73.24,254.63,186.84,3094.11
599,24.47,72.57,255.33,187.91,3098.29
600,24.47,73.32,255.97,187.37,3094.94
601,24.47,73.48,255.4,186.93,3093.42
602,24.47,72.56,255.34,185.96,3093.48
603,24.47,71.94,256.96,184.88,3095.04
604,24.47,72.38,256.75,184.44,3095.23
605,24.47,72.68,257.31,184.28,3096.79
606,24.47,71.74,258.19,184.91,3096.3
607,24.47,71.22,257.24,185.46,3099.04
608,24.47,70.95,257.92,183.75,3097.32
609,24.47,71.07,257.03,183.47,3095.95
610,24.47,71.31,257.12,182.23,3092.09
611,24.47,71.03,257.84,180.96,3092.63
612,24.47,70.88,259.27,181.96,3094.77
613,24.47,71.1,256.75,183.58,3095.93
614,24.47,71.44,261.04,182.43,3099.77
615,24.47,71.29,260.41,183.26,3098.15
616,24.47,71.03,260.01,182.66,3099.37
617,24.47,70.93,258.27,183.1,3101.24
618,24.47,70.8,258.54,183.18,3101.55
619,24.47,71.32,260.22,183.68,3101.58
620,24.47,71.39,260.84,183.6,3101.76
621,24.47,71.3,259.92,184.19,3100.9
622,24.47,71.27,259.55,185.79,3101.77
623,24.47,71.74,258.62,184.93,3102.31
624,29.47,75.22,258.55,183.67,3094.02
625,34.47,79.55,255.28,183.16,3081.45
626,39.47,86.88,251.85,181.36,3064.98
627,44.47,94.87,245.3,178.8,3046.19
628,49.47,104.18,243.13,176.63,3033.04
629,54.47,112.77,241.23,174.58,3014.02
630,59.47,122.98,235.7,170.84,2993.66
631,64.47,132.44,230.52,168.96,2973.81
632,66.33,140.67,226.89,164.88,2958.62
633,61.33,142.16,226.19,163.28,2957.73
634,56.33,141.46,227.23,165.17,2957.74
635,51.33,137.63,229.4,166.59,2968.28
636,46.33,131.9,232.36,166.95,2977.49
637,41.33,124.31,235.58,168.52,2996.99
638,36.33,116.67,239.7,171.48,3011.68
639,31.33,106.93,243.41,174.6,3026.21
640,26.33,97.61,247.12,175.96,3043.45
641,21.33,87.56,253.11,179.77,3060.86
642,20.33,80.34,254.14,183.05,3076.04
643,20.33,75.0,257.73,183.44,3084.82
644,20.33,71.02,259.96,183.54,3088.09
645,20.33,68.3,261.04,185.78,3095.12
646,20.33,66.41,262.39,184.89,3100.19
647,20.33,65.39,262.63,185.35,3104.58
648,20.33,63.34,261.7,186.45,3105.63
649,20.33,63.18,262.14,186.58,3108.66
650,20.33,62.55,261.8,187.44,3110.76
651,20.33,62.3,262.0,188.12,3107.81
652,20.33,63.0,261.57,188.36,3112.25
653,20.33,62.22,260.9,187.96,3111.39
654,20.33,63.23,260.29,187.47,3112.76
655,20.33,62.47,260.31,187.82,3112.65
656,20.33,62.49,260.2,186.61,3113.88
657,20.33,63.43,260.67,187.14,3115.48
658,25.33,65.72,261.33,186.6,3112.19
659,30.33,70.75,260.56,185.78,3101.42
660,35.33,77.9,256.6,184.65,3086.76
661,40.33,84.96,251.62,181.85,3070.53
662,45.33,94.0,249.11,177.57,3052.54
663,50.33,102.6,245.55,175.16,3034.2
664,55.33,112.25,242.22,173.49,3015.39
665,60.33,122.52,237.85,170.02,2996.47
666,62.41,131.91,234.71,167.19,2979.61
667,62.41,137.01,232.02,166.16,2963.35
668,62.41,140.64,229.28,164.84,2953.29
669,62.41,143.96,227.9,164.0,2947.15
670,62.41,146.62,228.33,163.18,2943.14
671,62.41,148.2,226.62,162.88,2943.04
672,62.41,148.1,227.1,162.84,2940.67
673,62.41,148.95,226.08,161.37,2942.82
674,62.41,149.6,225.85,162.49,2939.29
675,62.41,150.28,224.98,163.18,2934.61
676,62.41,150.46,224.03,163.34,2936.53
677,62.41,150.29,223.26,163.02,2935.14
678,62.41,150.94,223.06,160.55,2935.21
679,62.41,150.46,221.66,160.16,2936.23
680,62.41,151.31,222.62,160.39,2937.63
681,66.28,153.44,221.25,159.42,2929.33
682,66.28,154.97,221.14,159.59,2926.19
683,66.28,155.76,221.51,158.73,2926.38
684,66.28,156.28,220.41,158.01,2923.95
685,66.28,157.64,220.91,159.46,2924.3
686,66.28,157.55,220.41,159.07,2926.17
687,61.28,154.29,222.64,161.03,2934.77
688,56.28,149.25,225.36,164.42,2942.19
689,51.28,142.01,226.03,166.43,2951.16
690,46.28,134.38,230.16,168.32,2968.36
691,41.51,126.33,235.19,169.59,2984.2
692,41.51,120.19,238.25,171.96,2997.54
693,41.51,116.88,238.39,174.24,3009.02
694,46.51,117.48,240.1,172.27,3006.67
695,51.51,120.32,238.88,170.48,3001.28
696,56.51,126.51,236.66,169.39,2987.72
697,61.51,132.88,234.3,168.12,2973.83
698,66.51,140.71,228.03,164.86,2961.7
699,71.51,148.91,224.5,163.34,2940.58
700,71.79,155.55,222.71,161.42,2933.69
701,71.79,159.28,221.57,159.94,2924.68
702,71.79,162.94,218.98,159.22,2913.11
703,71.79,165.58,218.21,159.04,2910.84
704,71.79,167.32,217.51,157.7,2905.71
705,71.79,168.94,218.31,157.28,2903.64
706,71.79,169.03,218.61,157.71,2905.98
707,71.79,169.11,217.27,157.66,2905.03
708,71.79,169.49,215.83,158.14,2904.51
709,71.79,169.41,217.05,158.72,2902.98
710,71.79,169.85,217.11,157.49,2901.69
711,71.79,169.05,217.47,156.07,2903.74
712,71.79,169.39,216.64,155.83,2901.59
713,71.79,170.51,213.78,157.18,2901.34
714,66.79,166.83,214.53,159.34,2904.9
715,61.79,161.13,218.63,160.69,2913.7
716,56.79,154.67,220.68,163.14,2930.16
717,51.79,147.16,224.86,166.29,2945.86
718,46.79,137.9,229.22,169.65,2961.12
719,41.79,128.67,233.59,171.19,2978.17
720,38.66,120.99,239.39,173.03,2994.2
721,38.66,114.27,241.39,175.05,3008.18
722,38.66,110.34,241.95,174.7,3018.69
723,38.66,108.05,241.38,176.6,3025.52
724,38.66,106.69,241.19,175.57,3028.85
725,38.66,105.29,244.19,176.51,3031.0
726,38.66,103.55,245.72,175.82,3036.25
727,38.66,102.69,247.16,176.66,3036.39
728,38.66,101.98,246.23,177.05,3036.92
729,38.66,101.45,245.76,177.04,3032.87
730,38.66,101.6,244.61,176.04,3030.93
731,38.66,100.58,243.44,175.71,3036.85
732,38.66,100.49,244.15,176.36,3037.34
733,43.66,103.81,241.92,176.75,3034.74
734,48.66,108.48,239.18,174.74,3021.08
735,53.66,116.0,236.21,174.39,3009.53
736,58.66,124.26,234.54,172.4,2991.63
737,63.66,132.68,231.07,169.91,2974.21
738,63.78,138.27,227.72,167.4,2961.44
739,63.78,143.95,224.8,166.1,2955.63
740,63.78,148.08,223.74,165.19,2949.72
741,63.78,149.93,223.3,164.5,2939.38
742,63.78,151.47,223.21,163.49,2941.3
743,63.78,151.87,222.63,164.56,2936.89
744,63.78,152.22,222.47,164.38,2935.88
745,63.78,152.08,221.98,163.1,2934.6
746,63.78,152.85,222.58,161.27,2935.99
747,63.78,153.3,223.97,161.77,2937.04
748,63.78,153.72,224.91,162.17,2935.37
749,63.78,154.92,225.11,162.5,2931.85
750,63.78,153.98,224.65,162.39,2930.71
751,63.78,154.04,225.62,162.75,2928.86
752,63.78,153.95,223.91,162.13,2929.01
753,68.78,156.85,220.91,161.01,2922.53
754,73.23,160.47,220.92,160.4,2912.75
755,73.23,164.47,217.7,160.45,2910.44
756,73.23,167.35,217.64,159.28,2902.36
757,73.23,169.07,216.71,157.95,2898.94
758,73.23,170.44,215.84,157.42,2894.87
759,73.23,171.09,214.03,157.8,2889.92
760,73.23,172.48,215.44,157.03,2885.47
761,73.23,172.69,214.97,155.93,2886.52
762,73.23,173.78,215.37,155.23,2885.1
763,73.23,173.62,214.77,155.88,2886.22
764,73.23,173.93,216.5,156.58,2887.99
765,73.23,173.79,215.42,157.37,2888.06
766,73.23,173.82,215.07,156.58,2886.63
767,73.23,173.97,214.72,156.82,2887.3
768,73.23,174.53,213.65,157.96,2885.34
769,68.23,171.37,215.61,157.66,2894.61
770,63.23,166.44,215.64,159.38,2901.57
771,58.23,158.71,220.85,160.62,2915.38
772,53.23,150.53,226.29,161.39,2931.59
773,48.23,142.51,231.24,164.21,2948.86
774,43.23,134.04,235.79,167.7,2968.1
775,38.23,123.89,238.57,170.78,2992.4
776,33.23,114.1,240.95,174.66,3013.43
777,28.23,104.0,246.51,176.29,3033.76
778,27.18,95.66,247.65,178.79,3054.41
779,27.18,89.16,249.99,180.77,3064.09
780,27.18,85.48,250.35,181.84,3069.11
781,27.18,81.86,253.1,183.16,3074.24
782,27.18,80.54,254.91,183.5,3079.53
783,27.18,79.35,256.41,183.82,3081.82
784,27.18,78.03,256.44,183.11,3081.76
785,27.18,77.33,255.1,184.99,3085.65
786,27.18,78.21,254.01,184.66,3083.13
787,27.18,77.52,253.55,185.36,3083.16
788,27.18,77.92,254.75,186.7,3081.01
789,27.18,78.29,256.14,185.02,3084.48
790,27.18,78.1,255.73,183.96,3083.46
791,32.18,81.96,254.32,183.61,3076.3
792,37.18,86.4,253.07,180.76,3065.74
793,42.18,93.07,249.87,178.79,3053.67
794,47.18,101.22,246.91,175.88,3037.56
795,52.18,110.32,243.64,172.62,3021.25
796,57.18,118.26,239.16,172.06,3000.94
797,62.18,127.53,235.39,168.02,2981.05
798,65.65,136.93,230.41,165.61,2965.51
799,65.65,143.42,227.83,163.84,2953.88
800,65.65,147.69,226.21,162.47,2944.64
801,65.65,150.24,224.59,161.27,2936.3
802,65.65,152.66,223.7,161.7,2931.83
803,65.65,154.42,223.42,161.73,2927.92
804,65.65,155.53,223.03,161.4,2922.65
805,65.65,156.31,224.61,160.87,2921.69
806,65.65,156.96,223.81,161.75,2919.95
807,65.65,157.6,223.54,161.29,2921.93
808,65.65,158.19,223.62,160.18,2924.27
809,65.65,158.06,222.88,160.36,2923.98
810,66.26,158.98,222.05,159.43,2922.51
811,66.26,159.12,222.77,160.16,2920.57
812,66.26,160.37,222.32,161.21,2920.61
813,66.26,160.27,222.57,161.89,2923.06
814,66.26,160.36,221.59,160.94,2923.32
815,66.26,160.46,221.0,161.58,2925.74
816,66.26,159.61,219.98,161.07,2925.15
817,66.26,159.21,221.45,161.16,2924.2
818,66.26,158.47,219.81,161.11,2919.19
819,66.26,159.18,219.82,163.45,2924.56
820,66.26,159.08,219.88,163.28,2927.12
821,66.26,158.28,218.24,161.87,2926.66
822,66.26,158.78,219.95,160.43,2920.55
823,66.26,159.32,219.24,158.76,2921.19
824,66.26,159.66,219.46,158.84,2921.03
825,66.26,159.32,218.38,158.69,2922.28
826,66.26,159.43,219.15,158.36,2921.75
827,61.26,155.1,221.04,160.97,2925.09
828,56.26,149.72,223.87,163.55,2935.78
829,51.36,142.82,224.87,165.32,2954.41
830,51.36,138.47,227.52,166.74,2963.35
831,51.36,134.88,230.22,167.65,2969.66
832,51.36,132.29,232.59,168.64,2972.94
833,51.36,131.46,232.45,168.18,2974.82
834,51.36,129.5,233.32,167.01,2975.2
835,51.36,127.97,233.37,167.54,2977.27
836,51.36,127.42,232.32,168.41,2978.27
837,51.36,127.71,231.87,168.78,2982.67
838,51.36,128.05,232.03,169.11,2982.67
839,51.36,128.0,232.22,169.0,2983.58
840,51.36,127.46,231.67,167.94,2980.58
841,51.36,126.97,232.46,167.6,2982.72
842,46.36,124.11,232.24,169.5,2991.11
843,41.36,118.44,235.82,170.52,3001.85
844,36.36,111.18,237.46,172.51,3015.23
845,31.36,103.39,240.57,174.79,3031.68
846,26.36,94.96,245.46,177.07,3051.3
847,21.53,85.44,250.5,181.02,3069.75
848,21.53,79.27,253.01,183.67,3078.86
849,21.89,74.79,254.8,185.62,3088.38
850,21.89,71.66,256.14,185.5,3092.87
851,21.89,70.44,256.02,187.2,3099.09
852,21.89,69.64,256.84,186.98,3098.92
853,21.89,68.27,258.37,187.98,3099.45
854,21.89,67.4,258.8,186.53,3103.23
855,21.89,66.6,259.06,186.27,3103.1
856,21.89,66.41,259.21,186.15,3103.14
857,21.89,66.43,261.19,186.48,3106.61
858,21.89,65.6,261.08,185.72,3104.1
859,21.89,65.34,262.04,186.82,3105.78
860,21.89,64.76,261.32,187.08,3106.82
861,21.89,64.2,260.13,186.96,3108.27
862,21.89,63.63,260.02,187.05,3109.91
863,21.89,64.67,260.69,186.36,3105.55
864,21.89,64.86,261.57,187.62,3107.73
865,21.89,65.41,261.57,186.95,3107.57
866,21.89,66.41,260.25,188.22,3107.08
867,21.89,66.94,258.86,188.28,3105.91
868,21.89,65.94,259.51,188.67,3104.87
869,26.89,68.34,258.31,187.16,3100.63
870,31.89,74.4,256.15,186.75,3090.71
871,36.89,81.15,251.73,183.88,3076.35
872,38.86,87.77,250.18,180.78,3064.82
873,38.86,92.25,250.16,180.26,3057.93
874,38.86,95.09,249.01,180.19,3048.92
875,38.86,96.87,247.04,179.44,3047.74
876,38.86,97.99,244.05,178.28,3046.28
877,38.86,99.35,244.77,177.58,3040.87
878,38.86,100.28,244.01,179.06,3040.79
879,38.86,100.39,243.7,178.27,3039.11
880,38.86,101.31,244.29,177.21,3042.19
881,38.86,101.43,245.28,176.56,3041.29
882,38.86,101.64,243.31,178.21,3042.52
883,38.86,101.43,242.72,178.03,3040.97
884,38.86,101.66,243.61,178.03,3042.61
885,38.86,101.93,242.98,178.72,3044.14
886,43.86,106.56,241.12,177.4,3031.47
887,48.86,111.65,239.04,176.92,3018.92
888,53.86,117.24,236.32,172.57,3006.88
889,58.86,124.12,233.56,168.54,2990.01
890,63.86,133.94,230.61,165.79,2972.48
891,68.86,143.15,227.31,162.57,2955.15
892,73.86,151.38,222.54,160.11,2936.81
893,74.45,158.89,218.27,157.89,2922.35
894,74.45,164.09,216.11,156.74,2913.23
895,74.45,167.51,215.08,158.05,2902.6
896,74.45,169.24,215.24,156.69,2897.37
897,69.45,167.83,215.66,158.46,2902.25
898,64.45,164.52,216.14,158.4,2904.69
899,59.45,158.21,220.2,160.59,2917.93
900,54.45,151.04,222.75,162.78,2935.47
901,49.45,142.08,226.87,165.79,2951.68
902,44.62,133.92,233.58,167.94,2970.74
903,44.62,127.49,235.64,169.89,2983.68
904,44.62,122.84,237.1,172.06,2993.25
905,44.62,120.58,237.69,173.01,2999.61
906,44.62,118.05,238.65,172.28,3002.24
907,44.62,116.84,239.31,171.61,3007.45
908,44.62,116.19,238.76,170.87,3008.7
909,44.62,115.22,239.2,171.28,3005.85
910,44.62,114.57,239.08,172.37,3006.47
911,44.62,115.15,237.4,173.68,3007.86
912,44.62,115.15,238.21,174.45,3008.5
913,44.62,114.17,240.12,174.0,3010.17
914,44.62,114.65,239.0,174.24,3009.71
915,44.62,114.3,239.33,172.74,3009.02
916,44.62,114.8,240.37,172.83,3010.57
917,44.62,114.32,241.57,172.79,3011.64
918,44.62,114.71,240.27,174.17,3008.86
919,44.62,115.23,239.77,173.69,3006.2
920,39.62,111.39,240.1,173.97,3014.14
921,34.62,106.27,242.93,175.79,3024.08
922,33.73,101.19,246.74,176.39,3037.67
923,33.73,97.96,247.62,178.26,3046.42
924,33.73,95.77,247.84,178.67,3050.67
925,33.73,94.73,248.38,179.49,3056.25
926,37.39,96.06,248.09,177.7,3047.01
927,37.39,96.99,247.47,177.25,3046.29
928,37.39,97.41,248.26,177.41,3043.8
929,37.39,98.24,247.47,177.88,3042.6
930,37.39,97.99,247.22,177.8,3043.68
931,37.39,98.01,245.12,177.38,3045.06
932,37.39,98.01,245.25,178.23,3043.01
933,37.39,97.39,245.42,177.64,3041.07
934,37.39,97.64,246.19,177.61,3042.26
935,42.39,101.96,244.55,176.92,3035.16
936,47.39,106.8,241.8,174.93,3025.62
937,52.39,114.94,238.4,172.69,3011.8
938,57.39,122.81,235.65,171.58,2991.11
939,62.39,130.07,231.62,169.76,2972.04
940,67.39,138.0,228.51,166.89,2953.34
941,72.39,147.71,223.44,163.89,2934.88
942,75.78,157.39,217.09,160.39,2916.68
943,75.78,163.78,214.97,159.27,2902.47
944,75.78,168.41,214.57,159.34,2895.28
945,75.78,171.8,211.94,155.98,2892.9
946,75.78,174.0,213.07,154.45,2890.59
947,75.78,176.47,213.11,154.69,2887.94
948,75.78,176.49,214.07,154.16,2887.08
949,75.78,176.5,212.21,155.42,2884.78
950,75.78,178.02,212.01,153.68,2885.64
951,75.78,178.06,212.64,153.95,2881.38
952,75.78,178.47,214.58,154.52,2881.37
953,75.78,179.21,213.96,154.69,2879.29
954,75.78,179.31,214.35,153.97,2882.87
955,75.78,179.21,212.69,154.94,2881.95
956,75.78,179.57,212.13,154.77,2882.86
957,75.78,179.59,210.04,153.8,2884.38
958,75.78,179.39,210.04,152.93,2881.42
959,75.78,178.3,210.47,152.93,2879.58
960,70.78,175.37,212.58,155.99,2883.49
961,65.78,170.78,216.02,156.73,2895.97
962,60.78,163.61,218.99,159.98,2911.8
963,58.0,157.32,221.2,160.35,2924.76
964,58.0,153.27,221.65,160.96,2934.5
965,58.0,149.34,222.7,161.89,2938.33
966,58.0,146.59,224.93,161.84,2940.55
967,58.0,144.84,226.52,162.69,2944.37
968,58.0,143.96,225.16,163.84,2948.74
969,58.0,143.11,226.96,163.34,2953.29
970,58.0,142.79,226.87,163.88,2954.0
971,58.0,143.11,226.07,163.67,2956.79
972,58.0,142.42,227.49,165.49,2955.86
973,58.0,142.58,226.43,166.0,2956.42
974,58.0,142.58,226.19,164.43,2957.41
975,58.0,141.32,226.36,165.42,2957.49
976,58.0,142.44,227.81,164.83,2957.21
977,58.0,142.23,226.23,164.19,2955.84
978,58.0,141.08,226.74,164.29,2952.66
979,58.0,141.5,227.78,164.74,2953.13
980,58.0,141.89,228.46,165.13,2952.45
981,58.0,142.0,229.46,164.67,2957.83
982,58.0,141.68,228.99,164.29,2957.84
983,58.0,140.85,228.09,163.69,2957.67
984,58.0,141.63,228.65,162.24,2961.37
985,58.0,141.83,227.61,163.26,2960.23
986,63.0,144.64,226.52,162.45,2951.96
987,68.0,149.75,222.77,161.59,2941.86
988,68.22,154.06,222.34,161.09,2932.28
989,68.22,157.24,219.86,159.77,2924.71
990,68.22,159.59,220.43,159.95,2923.48
991,68.22,160.25,220.23,159.58,2922.17
992,68.22,161.1,219.35,159.86,2921.32
993,68.22,161.41,219.07,158.78,2913.97
994,68.22,162.07,219.54,159.07,2909.92
995,73.22,165.4,215.69,159.27,2902.51
996,73.55,168.75,216.07,157.53,2896.82
997,73.55,170.64,214.54,157.11,2894.13
998,73.55,170.89,212.09,156.92,2892.09
999,73.55,171.69,213.3,157.54,2891.24
1000,73.55,172.35,213.95,155.95,2891.64
1001,73.55,173.26,214.59,154.38,2889.95
1002,73.55,173.18,214.45,155.21,2893.28
1003,73.55,173.32,213.76,156.33,2893.21
1004,73.55,174.3,214.06,155.26,2889.9
1005,73.55,173.57,214.64,156.4,2893.95
1006,73.55,174.26,215.55,155.77,2890.78
1007,73.55,174.75,215.45,155.89,2891.64
1008,73.55,174.82,216.24,156.92,2892.56
1009,73.55,175.14,216.02,156.23,2893.63
1010,73.55,174.24,216.41,155.17,2893.43
1011,73.55,173.88,216.18,155.35,2889.54
1012,73.55,174.27,214.89,156.21,2890.0
1013,68.55,171.37,214.96,156.54,2895.71
1014,68.45,169.51,217.67,156.61,2902.91
1015,68.45,166.69,216.69,156.54,2903.09
1016,68.45,165.02,217.62,157.09,2906.68
1017,68.45,164.98,218.12,158.17,2908.29
1018,68.45,164.01,219.26,157.92,2907.69
1019,68.45,163.84,218.09,157.89,2909.83
1020,68.45,163.98,217.28,157.81,2912.79
1021,68.45,164.16,219.69,159.09,2915.0
1022,68.45,163.34,220.07,159.0,2913.15
1023,68.45,163.54,220.51,159.38,2911.21
1024,68.45,163.97,219.24,159.42,2911.0
1025,68.45,163.79,219.75,158.44,2915.35
1026,68.45,162.87,218.75,158.89,2915.67
1027,68.45,163.08,218.59,159.23,2914.26
1028,68.45,163.97,219.37,159.84,2911.81
1029,68.45,163.86,218.78,158.76,2912.74
1030,68.45,163.56,219.32,157.96,2916.12
1031,68.45,163.16,219.26,158.88,2913.9
1032,68.45,163.76,217.77,160.06,2913.51
1033,68.45,163.46,217.66,160.37,2912.05
1034,68.45,163.17,217.66,159.0,2915.83
1035,68.45,163.05,218.71,159.14,2912.87
1036,68.45,163.26,219.4,158.93,2915.15
1037,68.45,163.91,220.02,158.56,2912.21
1038,68.45,163.55,219.73,159.11,2907.96
1039,68.45,163.6,219.49,158.83,2911.91
1040,63.45,160.7,221.82,159.59,2920.27
1041,58.45,156.13,224.81,160.32,2930.04
1042,53.45,148.79,227.42,163.15,2942.01
1043,48.45,140.71,228.1,166.64,2957.34
1044,43.45,131.9,231.63,169.74,2969.72
1045,39.08,122.94,235.48,171.42,2993.01
1046,39.08,116.23,239.06,173.25,3008.39
1047,34.08,108.5,241.41,176.02,3023.78
1048,33.68,102.39,243.35,177.46,3035.89
1049,33.68,98.55,242.34,178.58,3040.25
1050,33.68,95.19,241.71,179.59,3046.0
1051,33.68,93.74,245.5,180.16,3053.0
1052,33.68,92.14,246.72,178.76,3054.21
1053,33.68,91.59,248.24,179.11,3056.76
1054,33.68,91.68,250.83,179.06,3055.42
1055,33.68,91.51,249.69,180.47,3055.8
1056,33.68,90.99,249.22,180.84,3056.31
1057,33.68,90.59,251.02,179.84,3057.06
1058,33.68,90.96,248.99,180.21,3055.4
1059,33.68,91.3,248.24,180.64,3058.56
1060,33.68,91.55,248.93,180.2,3057.41
1061,33.68,92.04,248.46,179.25,3059.08
1062,38.68,94.4,246.53,177.36,3051.66
1063,43.68,99.55,245.02,177.05,3042.18
1064,48.68,106.26,242.17,175.58,3030.74
1065,53.68,114.26,238.56,172.45,3011.0
1066,58.68,123.28,235.73,170.62,2993.51
1067,63.68,133.12,231.33,168.73,2975.15
1068,68.68,142.14,227.98,166.08,2956.78
1069,69.08,149.06,224.9,165.73,2945.08
1070,69.08,154.23,222.89,164.38,2935.55
1071,69.08,157.49,221.07,162.57,2921.5
1072,69.08,159.87,219.61,162.64,2918.05
1073,69.08,160.84,219.02,160.58,2916.54
1074,69.08,162.25,219.62,159.34,2914.6
1075,69.08,162.41,219.78,159.52,2914.17
1076,69.08,163.21,219.61,160.51,2912.31
1077,69.08,163.84,217.99,159.23,2911.77
1078,69.08,164.76,217.69,158.84,2910.38
1079,69.08,164.59,218.02,157.55,2912.79
1080,69.08,164.4,218.69,156.84,2913.25
1081,69.08,164.94,218.81,156.56,2912.73
1082,69.08,164.38,218.26,157.98,2913.46
1083,69.08,164.6,217.16,158.67,2912.42
1084,69.08,163.58,218.14,158.61,2914.06
1085,69.08,163.48,214.87,158.82,2913.38
1086,69.08,163.11,214.78,160.94,2911.71
1087,69.08,164.06,215.04,158.55,2910.82
1088,64.08,161.08,216.83,159.36,2917.36
1089,59.08,155.9,218.56,161.31,2923.81
1090,54.08,148.18,223.13,163.59,2938.41
1091,49.08,139.95,226.23,165.47,2951.85
1092,44.08,131.37,231.11,169.03,2969.92
1093,39.08,122.95,233.31,171.82,2988.09
1094,34.08,113.69,237.87,175.19,3006.97
1095,29.08,104.22,242.38,177.27,3027.87
1096,24.08,93.7,247.15,179.71,3049.65
1097,20.42,84.5,252.29,182.86,3066.93
1098,20.42,78.44,253.9,184.8,3082.36
1099,20.42,72.82,256.31,185.31,3090.41
1100,20.42,70.51,257.25,185.4,3097.71
1101,20.42,68.56,258.42,187.03,3103.74
1102,20.42,65.77,258.85,186.8,3107.85
1103,20.42,63.59,262.23,187.51,3110.07
1104,20.42,63.97,264.39,188.28,3113.22
1105,25.42,66.85,262.07,186.84,3105.58
1106,30.42,71.62,257.89,185.25,3092.21
1107,35.42,78.54,254.92,183.42,3078.88
1108,40.42,87.98,252.89,180.12,3064.75
1109,45.04,95.66,247.85,176.91,3049.44
1110,45.04,101.0,246.3,176.52,3040.6
1111,45.04,104.65,244.72,175.96,3030.71
1112,45.04,107.25,244.75,175.25,3026.01
1113,45.04,109.04,241.95,174.11,3021.21
1114,45.04,110.17,241.19,172.42,3015.85
1115,40.04,108.69,242.63,173.17,3018.6
1116,35.04,103.64,244.0,175.43,3030.72
1117,30.04,97.23,245.54,177.61,3042.0
1118,27.19,90.93,249.86,180.09,3055.46
1119,27.19,86.15,251.77,182.02,3063.81
1120,27.19,84.11,254.19,183.85,3071.01
1121,27.19,82.3,256.01,184.16,3074.44
1122,27.19,80.52,256.1,182.98,3077.56
1123,27.19,80.04,253.74,184.42,3082.28
1124,27.19,78.93,254.82,184.2,3085.79
1125,27.19,78.87,253.63,184.52,3085.38
1126,27.19,78.38,253.47,185.67,3087.59
1127,27.19,77.63,252.75,184.76,3087.92
1128,32.19,80.74,253.49,184.17,3082.92
1129,37.19,86.11,250.01,182.07,3073.3
1130,42.19,92.83,248.12,179.6,3056.09
1131,47.19,100.65,245.25,176.7,3039.33
1132,52.19,108.87,242.7,174.06,3024.67
1133,57.19,119.0,238.37,170.74,3001.04
1134,62.19,127.75,232.69,169.43,2982.6
1135,67.19,137.95,226.52,165.55,2964.93
1136,72.19,148.19,222.93,163.34,2947.76
1137,76.57,157.86,219.44,160.71,2931.73
1138,76.57,163.7,217.62,158.62,2916.86
1139,76.57,168.5,215.61,157.82,2911.55
1140,76.57,172.6,213.4,156.35,2900.69
1141,71.57,171.01,213.73,157.15,2897.75
1142,66.57,168.17,216.12,157.43,2904.26
1143,61.57,163.31,219.39,159.13,2914.92
1144,56.57,156.0,221.79,159.52,2933.25
1145,51.57,147.77,225.72,162.34,2946.82
1146,51.13,141.56,226.6,166.25,2955.88
1147,51.13,136.78,228.38,168.2,2964.73
1148,51.13,133.34,231.31,169.13,2971.96
1149,51.13,131.91,234.51,170.93,2974.58
1150,51.13,131.36,234.74,170.85,2974.4
1151,51.13,130.07,233.7,171.05,2979.8
1152,51.13,128.23,233.76,171.43,2981.07
1153,51.13,128.33,234.18,171.07,2981.78
1154,51.13,127.43,233.0,171.12,2982.87
1155,51.13,127.35,232.87,170.33,2985.68
1156,51.13,127.18,231.86,170.63,2985.15
1157,51.13,127.26,234.11,170.22,2985.76
1158,51.13,126.7,233.85,170.44,2982.5
1159,51.13,127.0,233.99,170.14,2985.4
1160,51.13,127.28,235.47,169.1,2985.63
1161,51.13,127.35,233.95,169.93,2990.17
1162,51.13,127.34,234.47,169.82,2987.27
1163,46.13,123.29,234.97,169.45,2996.38
1164,41.82,118.59,236.84,171.8,3002.53
1165,41.82,114.98,238.57,173.56,3010.08
1166,41.82,112.95,239.78,174.28,3014.77
1167,41.82,110.9,240.6,173.61,3017.81
1168,41.82,109.73,243.67,173.97,3016.97
1169,41.82,109.09,243.8,175.59,3018.01
1170,41.82,107.92,244.18,174.28,3019.04
1171,41.82,107.76,243.57,175.02,3019.27
1172,41.82,107.64,243.19,175.11,3021.0
1173,41.82,107.91,243.79,175.36,3022.91
1174,41.82,107.09,243.41,175.61,3024.81
1175,41.82,106.96,242.44,174.94,3025.75
1176,41.82,107.74,242.01,175.66,3025.58
1177,41.82,107.7,241.9,176.03,3025.87
1178,41.82,108.87,241.19,176.11,3024.36
1179,41.82,108.12,241.53,175.86,3030.2
1180,41.82,107.94,240.65,175.79,3024.3
1181,41.82,107.86,241.18,176.16,3026.27
1182,41.82,107.59,241.39,175.17,3023.44
1183,41.82,107.81,240.41,174.76,3021.73
1184,41.82,108.09,242.79,173.77,3018.81
1185,41.82,107.95,242.68,174.28,3019.59
1186,41.82,107.81,242.95,175.3,3017.11
1187,41.82,107.63,242.99,174.45,3022.75
1188,41.82,107.37,242.76,175.03,3022.05
1189,41.82,106.58,242.21,175.82,3022.07
1190,41.82,106.53,243.18,175.28,3021.74
1191,41.82,106.99,243.71,177.08,3024.18
1192,46.82,110.97,241.45,174.7,3018.06
1193,51.82,116.38,237.95,172.83,3008.15
1194,56.82,123.44,235.73,170.98,2993.1
1195,61.82,131.1,231.12,169.99,2977.31
1196,66.82,139.75,226.81,169.31,2957.78
1197,71.82,148.86,223.79,166.07,2941.87
1198,76.82,159.5,220.42,161.58,2922.0
1199,77.75,166.78,219.37,157.99,2909.85
1200,77.75,171.82,217.41,156.52,2897.25
1201,77.75,175.63,215.85,156.35,2890.09
1202,77.75,177.62,212.54,156.1,2885.95
1203,72.75,175.68,212.6,155.8,2885.54
1204,67.75,171.25,213.39,156.54,2893.04
1205,62.75,164.59,218.46,159.28,2904.51
1206,57.75,157.73,221.75,162.06,2918.76
1207,52.75,150.19,224.43,162.88,2938.12
1208,49.83,143.17,230.24,164.08,2955.29
1209,49.83,137.41,232.49,164.71,2963.38
1210,49.83,133.2,233.37,165.82,2972.89
1211,49.83,131.15,234.5,168.4,2979.07
1212,49.83,128.59,236.06,168.42,2984.38
1213,49.83,128.2,236.24,167.73,2984.43
1214,49.83,127.79,235.75,168.5,2987.83
1215,44.83,124.05,237.2,169.72,2994.36
1216,39.83,118.36,239.83,171.42,3008.03
1217,37.09,112.15,241.02,172.71,3016.93
1218,37.09,107.74,243.93,173.58,3025.49
1219,37.09,104.46,244.48,173.62,3030.67
1220,42.09,105.54,244.31,174.14,3026.04
1221,47.09,110.09,242.51,173.58,3018.87
1222,52.09,115.62,239.91,172.51,3004.08
1223,56.57,122.31,236.41,170.78,2993.96
1224,56.57,126.87,233.71,168.95,2982.89
1225,56.57,130.28,233.1,167.24,2977.59
1226,56.57,131.98,231.33,166.62,2976.38
1227,56.57,133.89,228.46,164.85,2972.25
1228,56.57,135.67,229.02,165.35,2971.62
1229,56.57,136.34,229.93,164.25,2967.04
1230,56.57,136.18,229.4,164.76,2965.87
1231,56.57,137.0,228.38,164.99,2961.83
1232,56.57,138.22,228.29,164.92,2965.18
1233,56.57,137.78,227.4,164.39,2964.21
1234,56.57,138.3,228.65,166.94,2959.16
1235,56.57,138.76,228.22,166.21,2958.89
1236,56.57,138.32,230.16,166.84,2959.99
1237,51.57,135.99,229.68,166.44,2962.65
1238,46.57,130.18,232.36,168.21,2975.47
1239,41.57,122.61,236.23,170.45,2991.91
1240,36.57,113.93,239.8,171.78,3007.46
1241,31.57,105.91,243.42,173.88,3025.45
1242,26.57,96.11,248.37,176.77,3046.57
1243,23.09,87.56,251.1,178.97,3065.26
1244,23.09,81.48,254.18,180.82,3072.64
1245,23.09,77.3,254.52,182.44,3079.37
1246,23.09,75.12,255.84,183.41,3087.78
1247,23.09,73.61,256.83,183.62,3088.81
1248,28.09,74.88,255.58,183.56,3086.08
1249,33.09,79.61,253.36,182.49,3080.93
1250,38.09,85.89,251.01,180.41,3067.4
1251,43.09,92.84,247.53,179.13,3052.44
1252,48.09,100.61,246.06,176.99,3033.3
1253,53.09,109.65,242.02,175.7,3014.2
1254,58.09,119.84,239.13,172.03,2996.2
1255,63.09,129.12,234.15,169.04,2979.16
1256,68.09,139.82,228.77,164.5,2959.58
1257,73.09,150.07,224.66,161.73,2939.86
1258,68.09,154.7,223.26,160.66,2931.11
1259,63.09,153.95,224.88,160.96,2932.25
1260,58.09,150.12,226.83,163.78,2940.28
1261,53.09,144.57,228.49,163.18,2952.8
1262,48.09,137.56,231.38,165.0,2965.6
1263,43.09,129.23,235.36,167.44,2985.79
1264,38.09,120.68,237.19,170.25,3000.76
1265,33.09,110.22,242.7,173.78,3019.91
1266,28.69,101.31,244.76,176.1,3039.46
1267,28.69,94.47,245.05,177.92,3051.19
1268,28.69,90.28,248.52,179.89,3060.19
1269,28.69,87.87,248.7,181.16,3067.24
1270,28.69,84.96,248.84,181.05,3069.59
1271,28.69,83.93,249.82,180.89,3071.33
1272,28.69,83.39,251.14,181.31,3073.56
1273,28.69,83.09,251.3,182.81,3075.76
1274,28.69,82.16,254.67,181.95,3076.17
1275,33.69,84.12,254.12,182.65,3074.2
1276,38.69,89.88,251.24,180.6,3059.85
1277,43.69,97.46,248.54,178.16,3049.49
1278,48.69,104.41,245.24,175.81,3034.57
1279,53.69,112.88,239.72,173.46,3018.64
1280,58.69,121.98,236.73,170.02,2999.04
1281,63.69,131.2,233.26,167.58,2980.46
1282,68.69,141.66,229.43,165.16,2957.77
1283,73.69,151.59,224.17,162.07,2936.84
1284,78.69,161.2,217.71,158.75,2917.02
1285,79.14,168.02,215.05,158.4,2904.24
1286,74.14,171.15,214.91,158.47,2898.11
1287,69.14,169.04,213.03,159.43,2904.64
1288,64.14,164.46,215.55,159.45,2913.2
1289,60.33,159.69,216.85,161.09,2922.67
1290,60.33,155.85,219.97,161.75,2929.65
1291,60.33,152.99,222.66,162.7,2935.18
1292,60.33,150.47,223.19,163.75,2938.69
1293,60.33,149.66,225.71,164.6,2941.26
1294,60.33,148.51,223.16,164.22,2942.21
1295,60.33,148.16,223.77,163.84,2939.98
1296,60.33,147.25,224.83,165.2,2941.78
1297,60.33,147.25,226.04,164.13,2943.96
1298,60.33,146.71,226.81,164.16,2945.36
1299,60.33,146.31,227.18,165.72,2943.72
1300,60.33,146.25,226.97,165.77,2943.47
1301,60.33,144.97,227.95,165.79,2940.93
1302,60.33,145.18,228.84,166.35,2944.52
1303,60.33,145.55,227.99,165.48,2947.4
1304,60.33,145.45,226.5,165.79,2947.08
1305,60.33,146.51,225.59,165.15,2945.1
1306,60.33,146.57,224.14,164.35,2942.68
1307,60.33,146.95,225.33,162.8,2946.53
1308,60.33,148.12,225.49,162.59,2952.21
1309,60.33,147.03,225.57,163.1,2953.22
1310,55.33,143.96,226.46,163.45,2956.86
1311,50.33,137.97,228.98,164.9,2963.4
1312,45.33,131.77,231.55,166.26,2976.93
1313,40.33,123.68,233.45,169.39,2990.94
1314,35.33,115.69,238.4,171.89,3007.66
1315,34.26,108.51,242.24,174.14,3021.76
1316,34.26,103.57,243.72,175.46,3027.89
1317,34.26,100.57,245.65,176.03,3040.16
1318,34.26,98.02,245.67,177.74,3045.74
1319,34.26,96.4,246.29,178.61,3048.33
1320,34.26,95.34,245.25,178.52,3054.11
1321,34.26,93.94,245.82,178.44,3052.28
1322,34.26,92.23,246.6,178.85,3053.33
1323,34.26,92.07,247.41,179.85,3053.78
1324,34.26,91.75,247.66,180.19,3057.31
1325,34.26,91.49,248.21,180.24,3054.96
1326,34.26,91.64,247.03,178.58,3056.04
1327,34.26,91.54,247.87,178.83,3054.11
1328,34.26,91.64,247.03,180.13,3052.0
1329,34.26,91.63,246.63,180.38,3052.57
1330,34.26,91.46,248.24,180.12,3054.67
1331,34.26,91.12,247.12,180.0,3054.46
1332,34.26,91.68,247.65,180.0,3051.71
1333,39.26,95.85,246.59,179.49,3045.06
1334,42.07,99.75,243.95,178.43,3037.83
1335,42.07,102.34,244.11,176.35,3032.11
1336,42.07,104.37,245.62,175.76,3030.65
1337,42.07,105.51,246.51,174.06,3028.64
1338,42.07,105.55,242.7,174.51,3027.32
1339,42.07,106.24,242.42,177.06,3025.61
1340,42.07,107.13,241.69,176.61,3024.44
1341,42.07,107.29,243.64,177.0,3024.38
1342,42.07,106.45,242.83,178.49,3023.6
1343,42.07,107.57,244.07,177.54,3021.83
1344,42.07,106.58,244.17,176.06,3022.63
1345,42.07,106.49,243.3,175.69,3023.37
1346,42.07,106.48,244.15,174.94,3020.01
1347,42.07,106.99,243.58,175.01,3023.73
1348,42.07,107.27,243.03,174.05,3025.24
1349,42.07,107.69,242.34,172.74,3027.56
1350,42.07,107.27,241.69,173.63,3023.89
1351,42.07,106.84,239.7,174.55,3022.63
1352,42.07,108.76,239.44,173.87,3021.71
1353,47.07,111.9,238.43,173.73,3013.93
1354,52.07,116.44,235.04,170.46,3003.11
1355,57.07,123.31,232.49,170.04,2992.73
1356,58.01,128.7,229.29,168.14,2980.62
1357,58.01,132.31,228.14,166.73,2972.56
1358,58.01,134.85,228.24,166.56,2965.88
1359,58.01,137.57,227.13,164.85,2963.78
1360,58.01,138.44,227.65,163.03,2964.34
1361,58.01,139.79,226.19,162.5,2965.29
1362,58.01,140.03,225.84,161.49,2961.9
1363,58.01,140.46,227.14,161.48,2957.2
1364,58.01,141.09,228.34,161.34,2959.11
1365,58.01,141.33,229.27,162.44,2953.23
1366,58.01,141.4,229.88,162.55,2953.39
1367,58.01,141.44,226.36,164.68,2952.48
1368,58.01,141.81,226.7,165.84,2954.45
1369,58.01,141.7,226.13,166.28,2951.27
1370,58.01,142.06,225.53,166.96,2953.12
1371,53.01,139.16,227.64,165.93,2958.67
1372,48.01,134.0,230.55,168.45,2971.38
1373,43.01,126.41,232.98,170.26,2981.14
1374,38.01,119.27,237.26,173.32,2995.74
1375,33.01,110.91,243.4,174.32,3016.97
1376,28.01,101.28,245.27,177.38,3038.25
1377,25.42,92.61,249.99,178.26,3051.76
1378,25.42,86.91,252.16,179.63,3065.83
1379,25.42,83.12,254.51,181.07,3075.26
1380,25.42,79.97,257.35,181.52,3084.86
1381,25.42,78.01,255.9,183.59,3087.63
1382,25.42,77.05,257.49,184.2,3088.13
1383,25.42,76.43,257.38,184.92,3085.36
1384,25.42,75.74,256.67,186.19,3088.97
1385,25.42,75.15,257.29,184.96,3093.5
1386,25.42,75.61,257.63,186.17,3092.29
1387,25.42,74.54,257.52,186.09,3091.79
1388,25.42,74.46,257.71,184.89,3093.26
1389,25.42,74.57,257.71,185.77,3090.82
1390,25.42,74.44,256.36,184.57,3090.29
1391,25.42,73.65,256.04,184.45,3092.85
1392,25.42,73.41,254.78,185.45,3091.3
1393,25.42,73.37,255.93,185.4,3094.07
1394,25.42,73.61,255.43,186.95,3094.21
1395,25.42,73.47,256.9,186.49,3094.72
1396,30.42,77.84,255.34,184.81,3088.21
1397,35.42,83.33,251.67,181.42,3075.95
1398,39.25,88.24,249.15,180.33,3061.93
1399,39.25,91.78,247.88,179.86,3050.51
1400,39.25,95.38,247.73,179.6,3048.34
1401,39.25,98.59,246.46,178.74,3043.56
1402,39.25,99.74,247.46,176.98,3039.32
1403,39.25,101.23,247.64,176.53,3039.78
1404,39.25,101.76,248.25,176.57,3040.45
1405,34.25,100.13,249.13,177.47,3046.61
1406,29.25,94.33,252.88,179.11,3055.23
1407,24.25,86.89,255.57,181.71,3067.11
1408,22.45,81.25,255.33,183.3,3079.6
1409,22.45,77.87,255.9,183.25,3085.65
1410,22.45,73.98,258.41,185.47,3092.31
1411,22.45,72.54,258.96,185.71,3095.67
1412,22.45,70.76,257.66,186.17,3098.61
1413,22.45,70.05,258.4,186.15,3099.0
1414,22.45,69.21,259.55,185.35,3101.19
1415,22.45,68.71,258.91,185.23,3103.01
1416,22.45,67.67,259.53,184.91,3105.95
1417,22.45,68.68,258.75,185.82,3104.43
1418,22.45,68.74,257.8,186.42,3103.07
1419,22.45,68.15,257.37,187.11,3102.19
1420,22.45,68.12,257.75,186.85,3103.55
1421,22.45,67.45,258.58,187.98,3102.65
1422,22.45,67.94,260.44,186.89,3100.66
1423,22.45,67.85,259.7,188.28,3102.25
1424,27.45,70.39,257.23,187.73,3095.85
1425,32.45,75.73,256.26,185.18,3086.12
1426,37.45,82.6,253.95,183.36,3072.66
1427,42.45,90.59,249.94,179.53,3057.9
1428,47.45,100.25,245.26,176.51,3039.0
1429,50.73,108.49,242.43,174.3,3021.55
1430,50.73,113.95,238.44,172.99,3012.91
1431,50.73,117.1,235.68,173.23,3003.9
1432,50.73,120.49,235.13,172.0,2999.69
1433,50.73,121.86,235.03,170.96,2993.23
1434,50.73,123.43,234.56,170.42,2988.93
1435,50.73,125.15,235.37,170.93,2987.72
1436,50.73,124.7,237.02,170.47,2985.99
1437,50.73,125.45,237.38,170.18,2988.84
1438,50.73,126.32,235.4,169.46,2990.19
1439,55.73,128.17,233.58,167.45,2981.96
1440,58.71,132.56,231.3,166.2,2971.21
1441,58.71,136.92,231.92,164.84,2969.03
1442,58.71,138.64,230.62,164.77,2963.03
1443,58.71,140.52,229.71,164.39,2957.54
1444,58.71,140.91,227.3,164.52,2953.91
1445,58.71,141.49,228.63,165.55,2953.7
1446,58.71,141.99,230.07,165.74,2952.96
1447,58.71,141.67,229.59,166.11,2951.83
1448,61.46,144.03,227.76,165.07,2943.87
1449,61.46,145.43,227.81,163.98,2943.38
1450,61.46,146.14,227.23,163.55,2941.05
1451,61.46,147.68,227.4,162.94,2942.3
1452,61.46,148.36,227.23,161.64,2944.19
1453,61.46,148.29,226.11,164.2,2944.1
1454,61.46,148.32,223.48,164.99,2940.74
1455,61.46,148.04,223.51,165.56,2942.63
1456,61.46,148.27,224.17,164.35,2942.69
1457,61.46,148.54,225.3,164.76,2943.43
1458,61.46,148.52,225.86,164.19,2940.81
1459,61.46,148.48,225.59,164.6,2940.76
1460,61.46,148.05,225.38,164.25,2941.47
1461,61.46,148.81,226.19,163.44,2940.36
1462,66.46,151.51,225.09,163.6,2933.89
1463,71.46,156.96,223.74,162.06,2924.56
1464,76.2,163.28,220.72,158.99,2908.91
1465,76.2,168.13,217.34,157.4,2897.34
1466,76.2,172.18,216.69,154.9,2894.08
1467,76.2,174.13,215.97,154.66,2889.89
1468,76.2,175.81,215.81,153.55,2888.12
1469,76.2,177.62,215.21,155.63,2884.61
1470,71.2,175.67,215.32,157.11,2889.5
1471,66.2,170.49,218.15,157.67,2896.41
1472,61.2,163.64,220.8,160.46,2910.59
1473,56.2,156.62,222.03,161.85,2926.02
1474,51.2,147.83,225.68,164.63,2942.81
1475,46.2,138.66,229.45,166.19,2961.52
1476,41.2,128.95,233.33,168.94,2981.3
1477,46.2,125.16,236.13,169.01,2987.25
1478,51.2,127.26,234.43,168.0,2988.03
1479,56.2,129.45,232.69,169.2,2977.71
1480,61.2,134.18,228.86,168.14,2969.53
1481,66.2,141.38,227.01,166.9,2958.83
1482,71.2,149.7,221.38,163.35,2940.61
1483,75.48,158.21,218.4,161.66,2925.87
1484,75.48,164.22,217.6,159.86,2913.13
1485,75.48,168.96,216.01,159.96,2901.21
1486,75.48,171.57,214.7,158.74,2898.27
1487,75.48,173.64,212.49,158.2,2895.2
1488,75.48,174.13,212.36,155.88,2890.2
1489,75.48,174.99,213.08,155.63,2885.46
1490,75.48,176.49,211.34,155.62,2883.09
1491,75.48,176.91,212.06,155.76,2885.73
1492,75.48,177.35,212.37,155.1,2885.27
1493,75.48,177.92,212.18,153.54,2885.24
1494,75.48,178.28,211.47,152.86,2887.52
1495,75.48,178.59,211.42,152.51,2884.51
1496,75.48,179.22,211.75,152.73,2885.07
1497,75.48,178.6,213.35,154.41,2883.51
1498,75.48,178.26,210.34,153.31,2880.67
1499,75.48,178.4,210.53,152.66,2880.8
1500,75.48,178.69,211.52,151.75,2881.2
1501,75.48,177.94,212.59,153.27,2879.93
1502,75.48,177.73,211.97,151.9,2881.52
1503,70.48,174.68,214.32,152.76,2887.02
1504,65.48,168.78,215.34,154.2,2900.4
1505,60.48,161.9,218.53,156.75,2911.53
1506,55.48,154.2,222.59,158.77,2929.78
1507,50.48,145.32,225.7,162.48,2945.92
1508,45.48,136.39,229.4,165.65,2960.07
1509,40.48,126.06,234.26,169.5,2979.22
1510,35.48,116.48,238.7,172.82,2996.69
1511,35.48,109.44,241.18,175.15,3017.98
1512,35.48,104.84,241.84,176.54,3030.53
1513,35.48,101.8,242.8,177.96,3038.0
1514,35.48,99.09,244.76,178.98,3044.26
1515,35.48,97.68,245.4,179.88,3043.86
1516,35.48,96.95,244.83,180.39,3045.49
1517,35.48,96.85,246.29,178.91,3049.99
1518,35.48,96.92,247.71,178.24,3049.68
1519,35.48,96.27,247.11,179.74,3050.36
1520,35.48,94.38,247.74,179.15,3050.4
1521,35.48,94.24,248.65,179.92,3051.15
1522,35.48,94.15,248.43,179.57,3049.5
1523,35.48,94.54,248.78,180.55,3052.46
1524,40.48,97.34,248.04,178.34,3047.11
1525,45.48,102.53,244.33,176.87,3030.33
1526,50.48,108.69,241.22,174.79,3016.89
1527,55.48,116.25,237.06,172.68,3003.09
1528,60.48,125.46,234.77,170.31,2984.47
1529,65.48,134.94,229.26,167.34,2968.85
1530,69.03,144.29,227.24,164.47,2953.91
1531,69.03,150.4,225.9,162.69,2942.17
1532,69.03,155.51,223.3,161.63,2935.11
1533,69.03,158.28,220.35,162.43,2926.66
1534,69.03,160.37,220.76,160.79,2919.66
1535,69.03,161.87,218.1,159.9,2917.27
1536,69.03,162.67,216.49,160.78,2915.32
1537,69.03,164.07,216.64,159.41,2914.28
1538,69.03,164.23,215.83,160.34,2911.77
1539,69.03,163.54,217.77,159.41,2910.04
1540,69.03,163.08,219.54,158.13,2910.16
1541,69.03,164.11,219.46,158.22,2906.73
1542,64.03,160.81,220.52,158.6,2914.43
1543,59.03,156.1,223.39,159.41,2930.12
1544,54.03,149.69,225.78,162.73,2947.73
1545,51.78,142.69,227.84,162.69,2958.55
1546,51.78,138.68,229.47,164.04,2961.65
1547,51.78,135.89,232.1,165.03,2968.79
1548,51.78,132.96,232.95,165.89,2971.39
1549,51.78,131.31,232.69,167.11,2972.11
1550,51.78,130.34,232.86,166.78,2978.83
1551,51.78,129.43,232.35,166.64,2983.53
1552,51.78,129.5,231.73,168.21,2983.63
1553,46.78,126.25,233.24,168.73,2990.28
1554,41.78,120.42,237.8,169.57,3003.62
1555,36.78,113.41,240.83,172.75,3014.94
1556,31.78,105.84,241.29,174.63,3028.56
1557,26.78,96.33,245.46,177.73,3047.66
1558,25.59,89.67,248.25,180.1,3061.37
1559,25.59,85.36,251.64,181.49,3068.93
1560,25.59,81.54,252.69,182.18,3076.55
1561,25.59,79.56,253.92,182.94,3081.63
1562,25.59,77.55,253.91,182.05,3083.51
1563,25.59,76.64,254.13,182.64,3087.15
1564,25.59,76.03,253.9,184.04,3091.02
1565,25.59,74.77,254.0,185.17,3091.18
1566,25.59,73.35,253.49,184.82,3089.26
1567,25.59,73.26,254.57,185.94,3089.67
1568,25.59,73.94,256.72,186.7,3091.1
1569,25.59,72.89,257.26,186.92,3091.37
1570,25.59,74.02,258.03,186.69,3093.89
1571,25.59,74.1,255.22,185.68,3095.88
1572,25.59,73.58,255.52,184.54,3098.44
1573,25.59,74.47,255.07,184.69,3095.31
1574,25.59,74.55,256.15,185.32,3095.14
1575,25.59,75.78,255.37,183.75,3093.58
1576,25.59,74.38,254.36,183.22,3091.42
1577,25.59,73.71,255.66,183.24,3091.4
1578,25.59,74.16,255.29,183.45,3092.47
1579,25.59,73.06,253.41,184.09,3093.47
1580,30.59,77.44,253.29,184.01,3086.5
1581,35.59,82.78,253.36,180.7,3076.54
1582,40.59,90.58,250.68,180.51,3061.18
1583,45.59,98.11,247.2,176.38,3043.05
1584,50.59,106.0,244.2,175.06,3027.05
1585,55.59,115.63,239.77,173.49,3008.91
1586,60.59,125.14,235.21,171.09,2989.06
1587,65.59,135.41,229.81,167.08,2971.08
1588,70.59,145.21,225.35,164.96,2949.6
1589,74.03,154.18,223.16,163.38,2934.59
1590,74.03,160.42,221.46,160.28,2919.13
1591,74.03,163.76,220.71,158.18,2909.87
1592,74.03,166.81,219.2,157.1,2901.03
1593,74.03,169.62,216.02,155.98,2893.23
1594,74.03,170.66,215.41,154.29,2889.03
1595,74.03,172.1,214.25,156.27,2892.72
1596,74.03,172.67,214.55,156.66,2890.43
1597,74.03,172.76,214.18,156.2,2889.16
1598,74.03,173.79,213.19,155.1,2889.36
1599,74.03,174.48,212.07,155.98,2885.74
1600,69.03,171.33,213.55,156.26,2891.92
1601,64.03,167.2,215.35,159.81,2904.54
1602,59.03,160.27,219.28,163.26,2916.82
1603,54.03,151.67,222.16,164.59,2930.25
1604,49.03,143.06,227.97,166.51,2948.82
1605,44.03,133.57,232.59,167.97,2972.39
1606,40.34,125.88,236.18,170.31,2991.91
1607,40.34,120.08,237.63,171.53,3000.86
1608,40.34,115.68,240.11,171.73,3008.86
1609,40.34,111.71,240.29,173.39,3013.9
1610,40.34,109.47,239.68,174.26,3018.81
1611,40.34,107.68,240.7,174.87,3020.71
1612,40.34,106.05,243.4,174.64,3023.47
1613,45.34,109.31,245.67,173.09,3020.2
1614,50.34,113.88,241.84,171.53,3008.46
1615,55.34,120.56,236.87,170.86,2996.3
1616,60.34,128.62,233.05,168.45,2981.95
1617,63.56,135.49,229.62,165.79,2965.5
1618,63.56,139.83,228.91,164.06,2958.1
1619,63.56,144.46,225.79,162.53,2955.71
1620,63.56,148.04,224.86,162.54,2947.65
1621,63.56,149.88,223.53,160.71,2940.63
1622,63.56,150.97,222.18,161.0,2936.21
1623,63.56,151.33,223.22,161.46,2935.25
1624,63.56,152.41,223.57,162.74,2933.67
1625,63.56,152.51,222.04,162.13,2935.42
1626,63.56,153.45,223.23,160.62,2936.88
1627,63.56,152.54,224.0,160.7,2937.14
1628,63.56,152.15,224.81,159.88,2934.58
1629,63.56,152.05,222.45,160.55,2937.73
1630,63.56,153.81,222.65,161.84,2936.79
1631,63.56,153.96,222.35,162.0,2936.75
1632,63.56,153.52,222.41,161.91,2937.29
1633,63.56,152.97,222.47,163.43,2938.35
1634,63.56,153.8,222.6,163.22,2938.77
1635,63.56,154.48,220.71,161.76,2939.67
1636,63.56,154.04,220.66,160.79,2936.58
1637,63.56,153.17,223.39,161.09,2935.41
1638,63.56,153.55,224.18,162.08,2936.85
1639,63.56,153.21,223.47,162.63,2934.66
1640,68.56,156.44,222.31,162.13,2924.32
1641,73.23,162.0,219.62,160.88,2916.32
1642,73.23,166.33,219.31,160.51,2912.05
1643,73.23,168.71,217.78,159.87,2907.63
1644,73.23,170.07,217.08,158.7,2901.37
1645,73.23,171.83,216.24,159.55,2895.44
1646,73.23,172.13,215.63,159.42,2895.35
1647,73.23,172.78,214.04,157.48,2895.12
1648,73.23,172.4,213.53,157.46,2892.36
1649,73.23,173.61,214.92,155.78,2890.52
1650,73.23,172.52,213.89,156.48,2890.27
1651,73.23,173.12,212.43,156.99,2889.82
1652,73.23,173.33,212.84,155.7,2888.3
1653,73.23,173.94,213.62,156.65,2890.2
1654,73.23,173.96,212.03,156.26,2890.82
1655,73.23,174.88,213.34,157.43,2892.51
1656,73.23,174.19,213.68,157.21,2890.61
1657,73.23,173.88,213.6,158.15,2887.0
1658,73.23,174.45,212.81,156.43,2891.0
1659,73.23,174.61,214.45,156.96,2895.55
1660,73.23,174.64,214.19,156.96,2897.11
1661,73.23,173.99,213.51,156.45,2891.51
1662,73.23,173.99,211.8,156.38,2893.52
1663,73.23,173.69,214.17,155.11,2895.58
1664,68.23,170.9,213.78,158.47,2900.82
1665,63.23,165.02,215.17,159.37,2910.65
1666,58.52,158.44,218.52,161.53,2922.94
1667,58.52,152.81,221.01,160.64,2933.03
1668,58.52,149.34,223.07,162.97,2937.49
1669,58.52,147.94,223.92,164.95,2941.77
1670,58.52,146.01,225.63,164.58,2943.82
1671,53.52,141.68,227.44,166.65,2949.37
1672,48.52,135.76,230.73,168.07,2966.04
1673,43.52,128.41,233.58,170.29,2981.59
1674,38.52,119.96,237.62,171.75,2997.35
1675,33.52,110.83,242.64,171.61,3016.7
1676,29.7,102.31,244.15,175.03,3035.22
1677,29.7,96.62,244.23,178.27,3045.76
1678,29.7,92.69,247.69,178.74,3055.93
1679,29.7,89.4,247.29,180.71,3060.19
1680,29.7,86.86,248.68,181.37,3064.6
1681,29.7,85.79,248.72,181.02,3067.57
1682,29.7,85.71,249.97,182.24,3069.95
1683,29.7,84.46,250.71,182.08,3072.76
1684,29.7,84.52,251.84,183.06,3071.58
1685,29.7,83.67,251.55,183.05,3071.97
1686,29.7,83.64,251.13,182.82,3074.33
1687,29.7,82.23,253.9,182.4,3070.56
1688,29.7,82.35,253.74,182.27,3073.96
1689,29.7,82.73,253.9,182.61,3074.14
1690,29.7,83.51,252.23,182.59,3074.61
1691,29.7,83.57,251.7,181.07,3075.12
1692,29.7,83.35,253.66,180.39,3077.48
1693,29.7,84.24,253.17,179.89,3076.0
1694,29.7,83.68,253.76,180.11,3078.89
1695,29.7,82.73,251.88,181.61,3073.26
1696,29.7,82.52,255.41,181.78,3071.62
1697,29.7,82.44,254.72,182.03,3074.04
1698,34.7,85.05,254.62,181.37,3069.56
1699,39.7,90.23,252.8,179.61,3059.23
1700,44.7,96.85,247.9,178.23,3044.25
1701,49.7,104.68,243.47,176.37,3027.1
1702,54.7,113.68,239.67,172.08,3007.11
1703,49.7,117.05,237.62,172.36,3004.29
1704,44.7,116.46,240.08,172.54,3007.98
1705,39.7,112.24,243.79,175.22,3015.59
1706,34.7,106.62,246.65,176.29,3025.88
1707,29.7,99.78,248.71,178.2,3039.03
1708,26.09,91.42,251.29,180.77,3054.0
1709,26.09,87.15,252.16,181.0,3064.79
1710,26.09,83.4,254.24,181.38,3075.22
1711,26.09,81.8,254.88,183.27,3077.67
1712,26.09,80.23,256.42,184.29,3081.47
1713,26.09,77.12,255.81,183.8,3082.2
1714,26.09,76.48,255.6,183.31,3082.55
1715,26.09,75.61,257.0,183.09,3083.88
1716,26.09,75.14,257.2,183.83,3079.76
1717,26.09,75.54,258.43,183.15,3081.01
1718,26.09,75.09,257.1,183.69,3079.95
1719,26.09,74.44,258.47,183.14,3085.58
1720,26.09,74.72,256.07,184.01,3086.8
1721,26.09,74.51,256.45,184.49,3089.3
1722,26.09,75.18,256.88,183.35,3088.69
1723,26.09,76.54,257.5,185.54,3092.0
1724,21.09,72.98,258.86,186.05,3094.36
1725,20.3,69.89,260.93,186.1,3101.29
1726,20.3,68.14,260.26,186.26,3103.29
1727,20.3,66.08,259.41,186.0,3109.56
1728,20.3,64.59,260.23,186.15,3113.46
1729,20.3,64.66,261.54,186.89,3113.38
1730,20.3,63.46,263.54,186.56,3115.11
1731,20.3,63.74,262.44,187.77,3116.52
1732,20.3,64.27,261.76,186.76,3114.97
1733,25.3,67.04,260.46,185.86,3104.78
1734,30.3,72.25,260.11,185.02,3096.38
1735,35.3,79.1,256.94,183.9,3083.78
1736,40.3,86.61,252.18,181.28,3068.49
1737,45.3,95.01,248.61,179.09,3052.53
1738,50.3,104.84,244.52,175.26,3032.69
1739,52.92,112.75,239.04,174.27,3016.49
1740,52.92,118.46,238.4,171.96,3006.0
1741,52.92,122.21,236.41,170.23,3000.85
1742,52.92,124.7,235.9,168.13,2996.27
1743,52.92,127.16,234.94,167.98,2991.51
1744,52.92,129.5,232.4,168.69,2985.55
1745,52.92,129.98,232.14,168.21,2983.18
1746,52.92,129.76,233.24,166.79,2982.62
1747,52.92,130.01,231.81,167.39,2978.04
1748,52.92,130.37,230.55,168.01,2976.09
1749,52.92,130.38,231.39,167.47,2976.46
1750,52.92,129.85,232.32,169.11,2982.42
1751,52.92,130.28,233.12,167.43,2984.02
1752,52.92,130.93,232.41,168.66,2981.62
1753,52.92,130.76,232.87,167.69,2982.49
1754,52.92,130.35,231.67,167.13,2982.58
1755,57.92,133.43,229.18,166.08,2974.76
1756,59.12,136.05,227.31,167.3,2966.12
1757,59.12,138.32,226.79,166.13,2963.04
1758,59.12,140.54,226.49,164.66,2962.19
1759,59.12,141.58,228.31,162.83,2959.43
1760,59.12,143.31,227.5,163.16,2957.71
1761,59.12,143.28,226.98,163.3,2954.65
1762,59.12,144.15,227.38,163.87,2955.38
1763,59.12,144.02,226.43,163.58,2954.28
1764,59.12,143.53,226.04,163.46,2957.76
1765,62.73,144.6,225.11,164.51,2951.64
1766,62.73,147.12,224.74,163.33,2942.62
1767,62.73,148.61,223.61,162.4,2939.8
1768,62.73,150.42,225.99,162.56,2937.89
1769,62.73,150.22,225.73,163.93,2936.99
1770,62.73,149.49,225.74,164.25,2933.68
1771,62.73,150.25,225.53,163.62,2932.95
1772,62.73,151.2,224.53,162.06,2929.93
1773,62.73,151.99,224.85,162.22,2931.03
1774,62.73,151.65,223.38,161.92,2928.44
1775,57.73,148.16,224.47,163.44,2937.09
1776,52.73,143.33,228.24,165.76,2950.46
1777,47.73,136.41,229.9,168.03,2968.54
1778,42.73,128.58,235.31,168.71,2981.83
1779,39.52,121.33,238.31,172.03,2997.45
1780,39.52,115.4,239.93,172.08,3006.16
1781,39.52,112.16,242.15,173.63,3011.07
1782,39.52,109.24,241.61,175.37,3016.78
1783,39.52,106.82,242.49,175.13,3024.91
1784,39.52,105.31,241.67,173.76,3027.58
1785,39.52,104.34,241.07,175.47,3030.84
1786,39.52,103.92,243.44,176.24,3030.14
1787,39.52,103.12,244.55,176.57,3031.64
1788,39.52,102.66,245.12,175.88,3032.14
1789,39.52,103.49,244.26,174.74,3030.59
1790,39.52,103.84,244.56,175.1,3030.6
1791,39.52,103.83,243.67,175.7,3030.16
1792,39.52,103.13,243.26,175.58,3031.21
1793,39.52,103.21,239.92,175.14,3031.26
1794,39.52,103.9,240.19,175.62,3035.07
1795,39.52,102.97,241.86,175.18,3033.74
1796,39.52,102.58,241.9,177.69,3035.51
1797,39.52,103.26,243.15,175.98,3035.85
1798,44.52,106.87,241.33,175.94,3030.4
1799,49.52,112.93,239.14,173.37,3018.16
1800,54.52,120.12,234.85,169.89,3004.19
1801,58.98,127.02,232.48,169.06,2987.51
1802,58.98,131.13,232.86,166.93,2974.83
1803,58.98,135.5,230.69,166.18,2969.03
1804,58.98,138.55,229.23,166.93,2959.74
1805,58.98,140.52,227.69,167.33,2957.79
1806,58.98,141.18,228.12,167.23,2957.42
1807,58.98,141.47,227.28,166.44,2955.8
1808,58.98,142.56,225.16,166.16,2954.17
1809,58.98,142.53,224.94,165.53,2946.4
1810,58.98,142.58,224.66,165.68,2946.56
1811,58.98,142.85,226.88,166.15,2950.08
1812,58.98,142.9,227.44,165.5,2950.35
1813,58.98,143.39,226.68,166.43,2950.62
1814,58.98,143.84,228.21,166.71,2948.3
1815,58.98,144.07,228.67,166.8,2947.27
1816,58.98,143.67,229.14,165.53,2948.18
1817,58.98,144.52,228.43,164.67,2947.66
1818,58.98,144.48,226.64,164.46,2949.71
1819,58.98,144.94,227.39,163.93,2952.84
1820,58.98,144.47,226.02,164.0,2955.56
1821,58.98,144.37,226.3,165.49,2951.71
1822,58.98,143.57,224.87,165.53,2952.22
1823,58.98,144.43,225.73,164.93,2952.25
1824,59.46,144.61,224.28,166.92,2952.7
1825,59.46,144.79,225.56,166.71,2951.69
1826,59.46,144.5,226.44,166.3,2949.65
1827,59.46,145.32,226.75,166.29,2952.62
1828,59.46,145.19,226.99,166.35,2950.47
1829,59.46,145.12,226.96,164.98,2955.05
1830,59.46,144.34,225.52,165.83,2955.05
1831,59.46,143.98,226.42,166.56,2953.56
1832,59.46,145.54,224.72,166.44,2954.91
1833,59.46,145.78,225.04,165.57,2954.41
1834,59.46,145.91,226.08,166.03,2951.13
1835,59.46,145.48,225.26,165.21,2952.91
1836,59.46,145.35,228.24,165.1,2952.24
1837,59.46,145.26,227.07,164.82,2953.91
1838,59.46,145.19,226.11,163.93,2951.92
1839,59.46,145.13,227.41,162.98,2950.79
1840,59.46,145.12,225.3,162.72,2949.28
1841,59.46,144.64,225.85,163.07,2948.47
1842,59.46,144.92,227.77,164.76,2945.17
1843,54.46,142.04,228.55,165.65,2952.2
1844,49.46,136.65,230.79,166.59,2962.43
1845,44.46,129.44,233.78,169.09,2979.4
1846,39.46,121.22,237.28,172.03,2998.19
1847,34.46,112.53,240.57,174.37,3013.02
1848,29.46,103.23,245.19,177.27,3031.46
1849,25.62,94.51,247.89,180.04,3049.58
1850,25.62,88.16,250.24,181.37,3061.53
1851,25.62,84.18,251.86,183.62,3073.72
1852,25.62,80.62,253.45,183.4,3078.67
1853,25.62,79.58,254.19,184.06,3083.87
1854,25.62,77.35,254.16,183.26,3084.65
1855,25.62,74.86,255.54,185.32,3087.27
1856,25.62,73.83,255.32,184.74,3086.77
1857,30.62,77.4,255.27,182.88,3083.61
1858,35.62,83.39,254.97,183.9,3071.84
1859,35.91,88.41,252.43,181.79,3065.69
1860,35.91,90.22,251.4,179.73,3060.26
1861,35.91,92.42,250.23,179.46,3057.88
1862,35.91,93.9,247.81,179.63,3054.73
1863,35.91,94.44,248.83,178.32,3051.04
1864,35.91,93.77,247.94,179.42,3050.24
1865,35.91,93.59,247.37,177.94,3047.67
1866,35.91,94.33,246.29,178.99,3047.97
1867,35.91,94.7,246.43,179.44,3049.9
1868,40.91,98.23,246.02,178.08,3044.46
1869,45.91,103.52,243.82,176.17,3032.36
1870,50.91,110.19,241.39,175.2,3020.85
1871,55.91,117.73,239.17,172.32,3005.34
1872,60.91,126.33,235.11,169.91,2984.02
1873,65.91,136.26,232.13,166.94,2968.49
1874,70.91,145.96,228.19,162.32,2953.43
1875,75.91,156.75,222.95,158.38,2932.33
1876,78.38,164.38,219.35,157.09,2911.99
1877,78.38,171.01,217.19,156.63,2899.65
1878,78.38,174.38,215.85,155.32,2888.21
1879,78.38,178.12,216.03,154.58,2887.31
1880,78.38,180.11,213.68,153.59,2885.63
1881,78.38,181.07,213.15,152.96,2880.26
1882,73.52,179.58,212.97,153.51,2885.81
1883,73.52,178.82,213.87,153.7,2886.41
1884,73.52,177.54,214.18,153.57,2889.29
1885,73.52,176.64,212.36,153.52,2888.86
1886,73.52,175.93,214.69,154.42,2887.88
1887,73.52,175.58,214.08,155.12,2890.04
1888,73.52,175.83,213.98,156.66,2892.2
1889,73.52,175.05,216.15,156.69,2890.23
1890,73.52,175.68,217.53,156.42,2889.52
1891,73.52,175.21,217.13,157.28,2891.16
1892,73.52,175.02,217.64,156.61,2893.24
1893,73.52,174.69,216.93,156.31,2892.52
1894,73.52,174.41,217.34,155.59,2890.64
1895,73.52,175.47,217.27,153.77,2889.68
1896,73.52,174.24,215.29,151.9,2889.86
1897,73.52,173.72,214.91,151.79,2890.43
1898,73.52,173.71,216.09,154.15,2892.23
1899,73.52,173.76,217.39,153.43,2889.12
1900,73.52,173.91,218.58,154.0,2889.38
1901,73.52,173.33,218.1,155.33,2891.5
1902,68.52,170.19,217.46,155.36,2897.88
1903,67.69,167.24,216.77,156.23,2902.25
1904,67.69,165.44,217.93,157.24,2905.71
1905,67.69,164.54,217.28,157.97,2909.01
1906,67.69,163.07,218.82,157.69,2911.2
1907,67.69,163.38,219.82,158.23,2911.83
1908,67.69,163.48,220.27,158.08,2911.4
1909,67.69,162.04,220.07,158.41,2914.97
1910,67.69,162.25,221.11,158.14,2917.46
1911,67.69,161.96,221.28,157.35,2917.41
1912,67.69,161.02,220.35,158.31,2915.86
1913,67.69,160.83,220.82,158.55,2914.83
1914,67.69,161.25,222.93,159.73,2917.42
1915,67.69,161.74,221.94,157.71,2915.55
1916,67.69,161.62,219.21,157.28,2911.63
1917,67.69,161.76,219.99,158.8,2913.69
1918,67.69,161.39,217.78,157.57,2911.75
1919,62.69,158.02,219.36,158.2,2919.92
1920,57.69,152.84,221.99,161.27,2928.89
1921,54.61,147.61,224.63,162.79,2943.18
1922,54.61,144.17,225.55,163.98,2951.98
1923,54.61,141.19,227.72,165.18,2961.23
1924,54.61,138.48,228.54,165.07,2965.26
1925,54.61,136.53,229.58,165.21,2965.4
1926,54.61,135.26,229.49,166.69,2966.91
1927,54.61,135.4,231.56,167.06,2966.91
1928,54.61,135.42,230.8,166.71,2964.98
1929,54.61,135.66,230.43,167.01,2964.6
1930,54.61,135.59,229.79,166.96,2968.16
1931,54.61,135.72,230.09,165.63,2974.89
1932,54.61,136.28,231.04,165.51,2973.38
1933,54.61,135.53,232.24,166.23,2970.98
1934,54.61,135.04,232.95,167.81,2973.93
1935,54.61,135.32,232.06,165.05,2973.53
1936,49.61,131.98,233.19,166.64,2976.31
1937,44.61,126.77,235.82,169.17,2989.09
1938,39.61,120.0,237.97,171.23,3002.63
1939,34.61,111.86,242.23,174.14,3022.38
1940,31.71,105.38,245.08,173.12,3038.18
1941,31.71,99.48,246.19,175.16,3045.87
1942,31.71,95.92,246.21,176.04,3052.84
1943,31.71,93.44,248.43,176.89,3055.07
1944,31.71,91.13,249.58,179.3,3054.49
1945,31.71,89.66,248.81,178.48,3060.12
1946,31.71,89.02,250.05,179.97,3061.16
1947,31.71,88.08,252.66,180.07,3064.32
1948,31.71,87.64,250.45,178.7,3063.91
1949,31.71,87.85,251.54,180.12,3062.8
1950,31.71,88.29,250.55,180.54,3063.98
1951,31.71,87.69,252.16,180.11,3062.13
1952,31.71,87.38,251.55,183.07,3064.88
1953,31.71,86.94,250.47,180.93,3063.41
1954,31.71,86.89,252.19,181.84,3064.88
1955,31.71,86.64,252.24,181.17,3068.89
1956,31.71,86.54,251.92,179.34,3067.87
1957,31.71,86.97,250.71,179.23,3069.14
1958,31.71,86.12,251.99,179.32,3067.66
1959,36.71,88.85,250.86,180.89,3062.66
1960,36.85,90.98,250.79,179.73,3060.19
1961,36.85,93.3,246.66,178.38,3057.59
1962,36.85,94.6,245.69,177.73,3050.08
1963,36.85,95.39,248.25,178.42,3053.01
1964,41.85,99.58,247.5,178.94,3045.13
1965,46.85,105.12,245.63,177.99,3031.61
1966,51.85,111.89,242.08,175.93,3018.39
1967,56.85,119.42,240.02,172.4,3000.72
1968,58.73,126.14,238.86,170.3,2984.8
1969,58.73,131.73,236.11,168.49,2977.05
1970,58.73,134.8,232.93,165.76,2967.29
1971,58.73,138.26,232.84,165.52,2966.43
1972,58.73,139.7,230.88,165.34,2962.25
1973,63.73,143.83,229.56,164.38,2954.7
1974,68.73,150.5,226.52,161.92,2938.99
1975,73.73,157.87,222.49,160.14,2924.36
1976,76.43,165.95,217.77,156.75,2911.42
1977,76.43,170.13,216.12,156.44,2904.26
1978,76.43,172.48,214.09,156.09,2898.23
1979,76.43,175.99,214.19,155.46,2890.68
1980,76.43,177.06,212.7,155.59,2887.69
1981,76.43,177.43,211.82,155.86,2885.79
1982,76.43,178.63,212.02,156.65,2884.23
1983,76.43,179.0,210.86,156.09,2877.78
1984,76.43,179.36,210.76,154.42,2876.29
1985,76.43,180.1,211.13,154.42,2877.72
1986,76.43,180.27,212.4,154.43,2875.19
1987,76.43,181.15,212.41,153.88,2873.82
1988,76.43,181.15,211.94,155.21,2874.69
1989,76.43,180.54,212.62,155.63,2876.32
1990,76.43,180.86,212.16,155.37,2879.45
1991,76.43,181.07,211.71,156.09,2874.59
1992,76.43,181.92,209.85,155.0,2875.83
1993,76.43,181.42,211.27,153.9,2877.31
1994,76.43,180.86,211.55,153.92,2878.0
1995,76.43,180.47,210.94,154.22,2880.19
1996,76.43,180.18,210.15,154.69,2879.77
1997,76.43,180.69,209.57,153.1,2878.47
1998,76.43,180.25,209.98,152.9,2880.11
1999,76.43,180.18,210.5,153.4,2880.17
2000,76.43,180.26,211.23,152.99,2882.62
2001,74.89,179.25,210.33,153.76,2881.77
2002,74.89,178.99,213.22,153.52,2883.54
2003,74.89,177.6,213.49,153.28,2882.86
2004,74.89,176.95,213.95,154.62,2883.69
2005,74.89,176.61,215.13,154.15,2879.89
2006,74.89,177.04,213.27,155.22,2880.8
2007,74.89,177.41,214.47,154.2,2881.06
2008,74.89,177.33,215.44,153.94,2881.19
2009,74.89,177.55,214.01,154.4,2879.37
2010,74.89,178.58,212.24,154.34,2881.13
2011,74.89,179.14,211.02,156.14,2883.94
2012,74.89,178.79,210.51,156.28,2882.95
2013,74.89,178.97,210.17,155.82,2882.59
2014,74.89,177.97,211.64,156.02,2885.87
2015,69.89,173.72,214.34,158.64,2891.14
2016,64.89,169.43,216.25,158.27,2901.42
2017,59.89,162.86,218.37,159.53,2916.72
2018,54.89,154.58,222.62,161.98,2933.5
2019,49.89,145.42,226.6,163.66,2953.16
2020,44.89,135.76,231.63,166.3,2971.05
2021,39.89,125.92,234.35,167.83,2987.36
2022,34.89,115.96,238.84,172.01,3006.3
2023,29.89,105.56,241.67,175.41,3029.51
2024,24.89,96.21,247.16,178.82,3052.69
2025,20.93,86.7,252.01,181.15,3067.79
2026,20.93,79.53,254.75,183.09,3084.94
2027,20.93,74.9,257.85,184.05,3092.46
2028,20.93,70.95,258.1,185.49,3098.37
2029,20.93,69.32,259.2,185.79,3106.79
2030,20.93,67.66,260.95,185.97,3109.8
2031,20.93,67.01,261.23,184.53,3110.53
2032,20.93,66.71,261.74,185.76,3107.56
2033,20.93,65.52,261.98,186.59,3111.35
2034,20.93,64.98,262.14,186.86,3109.6
2035,20.93,63.54,262.28,187.17,3109.12
2036,20.93,62.85,262.57,187.04,3111.13
2037,20.93,64.11,260.01,186.6,3111.0
2038,20.93,64.79,258.72,188.4,3111.6
2039,20.93,64.49,259.26,187.77,3113.85
2040,20.93,63.79,260.17,187.36,3111.8
2041,20.93,65.13,260.89,187.88,3114.17
2042,20.93,64.07,262.73,185.74,3112.01
2043,25.93,66.95,261.49,185.53,3105.41
2044,30.93,72.34,257.71,183.1,3096.27
2045,35.93,79.62,256.28,181.07,3083.51
2046,40.93,87.38,253.54,180.2,3067.31
2047,45.69,95.78,250.1,178.43,3048.18
2048,45.69,101.17,246.45,177.89,3038.45
2049,45.69,105.05,243.01,177.32,3027.07
2050,45.69,108.57,241.15,177.19,3019.84
2051,45.69,111.36,240.66,176.01,3012.37
2052,45.69,111.63,239.9,175.18,3008.84
2053,45.69,112.39,240.16,174.85,3008.34
2054,45.69,113.85,238.6,173.89,3011.56
2055,45.69,114.51,238.81,175.34,3007.73
2056,45.69,115.34,240.49,174.26,3009.56
2057,45.69,115.03,239.32,174.06,3010.72
2058,45.69,115.87,240.76,173.57,3012.32
2059,45.69,115.72,241.1,173.44,3011.94
2060,45.69,116.0,238.83,172.28,3010.99
2061,45.69,115.14,239.67,173.07,3010.78
2062,45.69,114.83,240.81,174.55,3010.27
2063,45.69,115.42,240.44,174.39,3009.38
2064,45.69,115.56,240.87,175.72,3006.19
2065,45.69,115.63,239.09,176.06,3005.59
2066,45.69,115.0,239.67,176.41,3007.67
2067,45.69,115.39,239.84,176.39,3006.05
2068,45.69,115.5,239.1,174.32,3006.01
2069,45.69,116.19,239.6,174.31,3006.93
2070,45.69,116.38,238.58,173.55,3007.66
2071,45.69,116.39,238.99,173.15,3007.04
2072,50.69,120.99,238.51,172.41,3000.59
2073,55.69,125.55,235.79,170.9,2986.48
2074,60.69,131.34,232.03,168.87,2973.59
2075,65.69,140.06,227.2,165.78,2961.78
2076,70.69,148.64,224.84,164.96,2942.79
2077,75.69,157.69,220.68,160.29,2923.96
2078,77.82,165.85,218.01,158.69,2907.97
2079,77.82,170.79,216.86,156.68,2898.12
2080,77.82,174.66,216.25,156.44,2888.04
2081,77.82,176.69,214.95,155.45,2882.67
2082,77.82,179.22,213.64,154.85,2881.38
2083,77.82,180.29,214.11,153.76,2880.23
2084,77.82,181.94,211.49,153.35,2880.4
2085,77.82,182.96,210.86,152.75,2880.14
2086,77.82,183.69,209.43,151.95,2878.5
2087,77.82,183.92,209.29,152.9,2875.48
2088,77.82,182.71,209.07,153.08,2874.23
2089,77.82,182.35,207.52,152.74,2875.71
2090,77.82,183.29,209.44,152.25,2872.64
2091,77.82,183.58,210.23,152.89,2868.77
2092,77.82,183.1,210.12,153.41,2871.62
2093,77.82,183.26,210.41,153.45,2873.46
2094,77.82,183.47,210.34,153.19,2873.53
2095,77.82,183.69,210.49,153.53,2876.11
2096,77.82,183.74,209.69,154.17,2872.49
2097,77.82,183.1,210.11,154.33,2870.21
2098,72.82,179.86,210.81,154.53,2879.28
2099,67.82,174.98,213.24,155.53,2887.35
2100,62.82,168.77,216.9,157.0,2903.43
2101,57.82,160.53,219.93,159.84,2918.07
2102,52.82,151.47,223.81,161.98,2937.44
2103,47.82,143.09,227.0,163.45,2951.95
2104,42.82,133.06,230.68,166.87,2972.68
2105,37.82,122.17,233.45,170.24,2993.5
2106,37.67,115.03,235.59,172.77,3010.53
2107,37.67,110.39,237.89,174.19,3017.18
2108,37.67,107.53,240.44,173.74,3023.96
2109,37.67,105.24,241.8,174.62,3026.87
2110,37.67,103.68,242.44,173.73,3030.6
2111,37.67,102.8,243.15,176.22,3034.82
2112,42.67,105.01,242.56,175.62,3030.09
2113,47.67,109.38,241.45,173.6,3018.85
2114,52.67,115.19,240.84,172.47,3007.44
2115,57.67,122.43,237.64,170.25,2992.98
2116,62.67,130.69,233.59,167.56,2974.59
2117,67.67,140.48,227.71,165.56,2958.32
2118,71.07,148.67,223.38,162.92,2941.84
2119,71.07,154.77,221.61,162.66,2928.73
2120,71.07,158.25,220.77,162.42,2921.35
2121,71.07,161.01,219.23,160.01,2916.69
2122,71.07,162.8,217.97,158.41,2912.39
2123,71.07,164.55,217.57,158.11,2907.15
2124,66.07,163.12,218.41,158.0,2916.24
2125,61.07,158.9,220.24,160.74,2928.11
2126,56.07,152.48,223.38,161.63,2938.73
2127,51.07,144.81,226.76,164.22,2953.89
2128,46.07,136.51,229.08,165.91,2968.58
2129,41.07,127.29,234.32,167.81,2985.55
2130,36.07,118.3,237.99,171.35,3004.16
2131,31.07,108.51,241.97,174.88,3020.67
2132,30.17,100.78,245.53,177.41,3039.44
2133,30.17,95.36,249.21,178.23,3052.25
2134,30.17,92.17,249.39,179.58,3058.46
2135,30.17,89.84,250.2,180.03,3065.65
2136,30.17,87.84,251.82,180.41,3071.27
2137,30.17,86.16,251.51,182.08,3070.99
2138,30.17,86.12,252.81,181.9,3068.05
2139,30.17,85.28,252.92,182.83,3072.8
2140,30.17,84.36,253.7,183.16,3075.09
2141,30.17,84.31,251.5,182.66,3072.24
2142,35.17,87.07,251.54,181.78,3068.55
2143,40.17,92.43,247.93,178.0,3057.67
2144,45.17,99.05,244.38,175.11,3041.99
2145,50.17,106.84,242.19,173.69,3029.39
2146,55.17,115.03,239.51,171.69,3012.45
2147,60.17,124.21,236.49,169.59,2991.54
2148,65.17,134.0,231.71,167.37,2969.61
2149,70.17,143.99,227.64,164.56,2953.0
2150,75.17,154.54,223.05,161.83,2932.98
2151,76.17,162.36,217.74,159.33,2914.14
2152,76.17,168.28,215.79,157.67,2905.72
2153,76.17,171.99,213.36,156.6,2897.36
2154,76.17,173.51,212.1,155.76,2891.95
2155,76.17,174.7,213.05,155.24,2888.47
2156,76.17,176.48,211.78,155.32,2885.22
2157,76.17,177.07,212.26,156.21,2885.13
2158,76.17,178.4,211.49,154.36,2886.6
2159,76.17,179.89,213.02,154.07,2882.34
2160,76.17,179.38,210.87,154.05,2884.87
2161,76.17,179.48,211.34,155.23,2882.63
2162,76.17,180.64,213.37,154.84,2880.71
2163,76.17,180.78,212.44,153.76,2883.09
2164,71.17,177.99,213.65,153.81,2886.03
2165,66.17,172.34,215.19,155.48,2898.89
2166,61.17,165.54,219.5,157.03,2911.46
2167,56.17,157.64,222.93,161.04,2928.09
2168,54.2,151.42,225.96,163.82,2940.72
2169,54.2,146.15,228.44,166.21,2951.67
2170,54.2,142.41,230.65,164.84,2955.03
2171,56.9,141.88,230.11,165.63,2956.95
2172,56.9,141.45,228.9,166.15,2960.16
2173,56.9,141.47,230.88,166.26,2960.97
2174,56.9,140.11,229.72,165.99,2963.08
2175,56.9,139.62,230.24,165.95,2962.11
2176,56.9,139.71,229.41,165.58,2958.37
2177,56.9,139.52,228.75,165.25,2960.0
2178,56.9,139.84,228.99,166.23,2961.46
2179,56.9,139.59,228.47,166.37,2962.47
2180,56.9,140.26,229.76,165.78,2961.83
2181,56.9,140.36,230.53,166.56,2961.46
2182,56.9,139.47,229.01,166.57,2962.01
2183,56.9,138.93,228.99,166.86,2959.41
2184,56.9,139.65,228.55,167.57,2958.83
2185,56.9,139.09,228.17,166.98,2958.71
2186,56.9,139.1,228.69,166.51,2959.27
2187,56.9,138.36,229.11,166.24,2963.01
2188,56.9,138.23,227.2,166.62,2963.11
2189,56.9,138.11,226.15,167.62,2965.31
2190,56.9,137.28,226.48,168.42,2963.07
2191,56.9,137.7,226.89,166.76,2959.04
2192,56.9,138.76,225.62,166.69,2961.41
2193,56.9,138.25,225.65,167.41,2962.36
2194,56.9,138.32,227.79,167.91,2962.49
2195,56.9,138.22,227.68,167.52,2961.67
2196,56.9,139.07,226.48,165.83,2961.84
2197,56.9,138.95,226.55,164.42,2961.63
2198,56.9,139.09,227.87,164.91,2961.18
2199,56.9,139.8,226.84,165.62,2957.79
2200,51.9,136.14,227.56,167.22,2964.93
2201,46.9,130.84,229.52,168.37,2974.83
2202,41.9,124.17,232.36,171.38,2986.23
2203,36.9,115.77,238.37,172.98,3001.24
2204,31.9,107.24,241.77,174.67,3018.48
2205,28.41,100.35,245.32,175.62,3040.13
2206,28.41,94.45,247.29,177.07,3053.65
2207,28.41,89.88,247.5,180.27,3060.9
2208,28.41,87.56,250.86,180.27,3068.9
2209,28.41,84.86,250.07,180.74,3073.24
2210,28.41,83.07,251.07,182.32,3075.69
2211,28.41,81.62,252.78,182.67,3072.15
2212,28.41,81.24,253.67,182.77,3076.5
2213,28.41,80.43,254.24,181.57,3078.57
2214,28.41,81.17,253.3,181.38,3077.79
2215,28.41,80.78,252.58,182.19,3080.36
2216,28.41,80.71,251.37,183.22,3082.33
2217,33.41,83.96,251.31,182.41,3077.61
2218,38.41,89.93,248.59,181.64,3065.76
2219,43.41,96.23,244.76,179.11,3049.35
2220,48.41,103.62,241.16,176.3,3032.74
2221,53.41,112.23,236.78,172.64,3016.35
2222,58.41,120.96,235.05,170.52,2999.07
2223,63.41,131.32,231.11,167.49,2981.2
2224,68.41,141.27,227.12,166.04,2960.23
2225,72.64,150.67,223.39,162.41,2940.78
2226,72.64,157.93,221.21,160.63,2926.7
2227,72.64,162.48,219.98,159.86,2916.49
2228,72.64,165.67,218.85,158.02,2910.35
2229,72.64,166.65,218.07,158.06,2907.21
2230,72.64,168.22,217.34,158.71,2906.35
2231,72.64,169.51,216.67,158.91,2899.91
2232,72.64,170.26,217.39,158.94,2899.15
2233,72.64,170.19,216.51,157.71,2898.54
2234,72.64,170.49,214.92,155.67,2899.89
2235,72.64,170.91,214.99,155.89,2896.26
2236,72.64,170.77,213.87,155.47,2896.58
2237,72.64,170.91,215.84,156.58,2897.7
2238,72.64,171.34,216.99,156.35,2896.8
2239,72.64,171.79,216.98,156.88,2895.28
2240,67.64,168.6,218.26,158.21,2900.68
2241,62.64,162.69,219.66,159.97,2915.16
2242,61.82,158.23,220.65,160.54,2925.43
2243,61.82,155.69,220.85,161.7,2929.09
2244,61.82,153.32,221.01,163.45,2933.24
2245,61.82,152.32,221.77,163.52,2935.93
2246,61.82,151.72,222.66,164.03,2937.31
2247,61.82,150.66,222.56,162.11,2942.27
2248,61.82,150.84,222.27,162.12,2940.42
2249,61.82,151.31,221.48,162.45,2940.18
2250,61.82,151.28,222.24,161.18,2939.73
2251,61.82,150.35,222.95,162.85,2936.44
2252,61.82,149.8,222.82,162.56,2939.09
2253,61.82,149.72,223.7,162.16,2939.93
2254,61.82,150.14,223.17,163.01,2940.16
2255,61.82,150.57,223.32,163.29,2940.14
2256,61.82,150.3,223.89,163.6,2937.7
2257,61.82,150.87,222.17,162.85,2938.31
2258,61.82,150.76,224.41,161.38,2937.91
2259,61.82,149.42,224.42,162.05,2941.82
2260,61.82,149.6,225.45,162.78,2940.51
2261,61.82,148.96,225.4,161.62,2943.05
2262,56.82,145.99,227.63,162.52,2949.08
2263,51.82,140.94,229.31,164.09,2959.85
2264,46.82,133.7,230.66,167.43,2974.35
2265,41.82,125.97,235.84,169.46,2992.0
2266,41.57,120.45,236.84,172.62,3004.0
2267,41.57,116.45,239.29,173.03,3012.08
2268,41.57,112.51,239.26,174.42,3015.58
2269,41.57,111.05,238.91,176.09,3020.91
2270,41.57,109.82,239.61,176.6,3026.22
2271,41.57,109.54,242.67,175.4,3024.34
2272,41.57,108.27,243.09,175.44,3024.36
2273,41.57,108.38,244.17,174.1,3023.48
2274,46.57,111.62,241.88,172.85,3019.79
2275,51.57,115.98,239.09,171.98,3007.73
2276,56.57,123.21,235.52,171.33,2993.88
2277,61.57,131.37,232.99,168.35,2974.03
2278,66.57,140.08,229.19,166.3,2957.49
2279,68.56,147.04,227.93,162.89,2945.33
2280,68.56,151.83,224.7,161.43,2933.73
2281,68.56,155.76,224.17,161.04,2927.43
2282,68.56,157.73,222.92,162.11,2922.05
2283,68.56,159.42,220.97,160.74,2913.56
2284,68.56,160.99,219.33,158.89,2914.61
2285,68.56,161.35,218.68,160.06,2911.02
2286,68.56,161.37,218.83,160.62,2908.18
2287,68.56,162.36,219.25,158.44,2910.93
2288,68.56,163.28,218.65,159.57,2913.54
2289,68.56,163.54,218.09,158.58,2913.01
2290,68.56,163.96,217.83,156.91,2915.26
2291,68.56,164.06,217.59,158.18,2917.34
2292,68.56,162.63,218.24,157.24,2916.75
2293,68.56,163.1,218.89,157.33,2911.59
2294,68.56,163.14,219.12,158.6,2909.38
2295,68.56,163.91,218.22,158.97,2909.16
2296,68.56,164.02,219.14,157.96,2908.66
2297,68.56,164.1,221.29,157.54,2913.76
2298,68.56,165.07,220.29,157.7,2911.86
2299,72.02,166.89,217.35,157.36,2910.54
2300,72.02,167.89,216.46,155.83,2907.38
2301,72.02,169.03,216.14,155.94,2903.83
2302,72.02,169.95,215.82,156.45,2902.36
2303,72.02,170.9,216.31,156.7,2903.94
2304,72.02,171.22,217.27,157.21,2898.32
2305,72.02,171.88,216.78,157.04,2898.64
2306,72.02,171.52,216.53,156.49,2900.84
2307,72.02,171.38,215.74,155.84,2900.38
2308,72.02,171.44,215.96,155.3,2896.31
2309,72.02,171.69,217.21,154.93,2899.85
2310,72.02,171.7,216.59,155.17,2896.37
2311,72.02,172.06,215.39,155.03,2898.69
2312,72.02,170.88,213.8,155.54,2898.92
2313,72.02,171.23,213.92,157.94,2898.04
2314,72.02,171.12,213.5,157.69,2899.11
2315,72.02,171.76,212.51,157.22,2899.52
2316,72.02,171.9,213.32,157.53,2897.29
2317,72.02,172.49,214.87,156.23,2895.2
2318,72.02,171.59,215.64,155.37,2895.23
2319,72.02,171.72,215.44,156.0,2893.78
2320,72.02,171.87,214.74,155.98,2895.37
2321,72.02,171.74,214.9,155.62,2895.41
2322,72.02,171.59,213.61,155.6,2896.81
2323,72.02,170.85,215.24,156.97,2894.53
2324,72.02,171.65,215.07,157.25,2894.42
2325,72.02,171.99,215.51,156.46,2893.02
2326,67.02,167.89,216.95,157.91,2901.96
2327,62.02,162.54,217.96,158.83,2915.53
2328,57.02,155.46,221.32,160.06,2929.69
2329,52.02,147.37,225.92,163.29,2944.24
2330,50.68,141.02,227.91,164.05,2955.4
2331,50.68,136.74,230.18,165.83,2964.32
2332,50.68,134.12,231.51,167.52,2967.62
2333,50.68,129.85,232.65,167.0,2973.05
2334,50.68,128.67,234.76,168.1,2977.61
2335,50.68,128.42,235.02,168.18,2982.61
2336,50.68,127.27,235.15,167.37,2984.38
2337,50.68,127.11,236.6,166.78,2984.01
2338,50.68,127.32,236.27,167.77,2983.03
2339,50.68,126.76,236.95,168.27,2985.02
2340,50.68,126.6,235.0,169.42,2986.66
2341,50.68,127.7,233.8,170.13,2984.18
2342,50.68,127.4,234.95,168.31,2984.66
2343,55.68,129.98,232.73,168.1,2981.35
2344,60.68,135.15,230.73,166.84,2970.49
2345,65.68,141.44,228.89,165.2,2957.37
2346,67.9,147.38,225.43,163.28,2941.54
2347,67.9,151.1,222.87,162.49,2932.22
2348,67.9,154.03,220.86,161.16,2926.3
2349,67.9,157.68,221.32,161.41,2925.19
2350,67.9,158.65,219.37,159.88,2924.75
2351,67.9,159.56,217.98,159.35,2921.3
2352,67.9,160.6,218.5,158.66,2920.73
2353,67.9,160.88,218.46,159.39,2917.68
2354,67.9,161.1,219.18,158.67,2916.05
2355,67.9,161.83,221.15,159.33,2916.63
2356,67.9,162.32,219.4,159.4,2916.03
2357,67.9,162.56,219.36,159.66,2915.05
2358,67.9,162.6,217.99,159.29,2917.76
2359,67.9,162.75,218.24,160.8,2914.16
2360,67.9,162.15,220.15,160.37,2913.88
2361,67.9,161.68,220.22,160.47,2911.97
2362,67.9,161.88,219.49,160.32,2910.59
2363,67.9,162.72,220.22,159.71,2911.43
2364,62.9,159.46,220.4,160.12,2918.21
2365,62.12,157.56,222.45,161.65,2925.22
2366,62.12,154.87,222.9,162.75,2926.87
2367,62.12,153.86,225.58,163.59,2933.37
2368,62.12,152.95,226.1,162.76,2936.68
2369,62.12,152.52,225.79,163.8,2936.33
2370,62.12,151.81,225.38,162.66,2937.62
2371,62.12,150.54,226.04,162.72,2937.02
2372,62.12,150.1,225.22,163.27,2938.74
2373,62.12,149.85,224.04,163.63,2937.41
2374,62.12,150.06,224.18,163.61,2939.63
2375,62.12,149.54,222.24,162.89,2943.08
2376,62.12,150.83,224.63,162.69,2938.32
2377,62.12,149.54,223.85,162.54,2941.16
2378,62.12,150.25,224.15,161.89,2938.62
2379,62.12,150.43,224.83,162.45,2936.7
2380,62.12,150.76,225.04,161.68,2935.85
2381,62.12,151.01,224.52,163.27,2937.83
2382,62.12,150.6,224.38,163.16,2936.75
2383,62.12,150.1,225.0,163.7,2938.67
2384,62.12,150.96,224.18,164.75,2937.0
2385,62.12,150.3,222.4,163.79,2936.62
2386,62.12,150.61,223.15,162.52,2936.58
2387,62.12,150.37,221.66,161.8,2935.8
2388,67.12,154.26,221.23,161.71,2927.49
2389,72.12,160.02,220.69,158.61,2916.96
2390,73.4,164.5,219.31,157.27,2908.78
2391,73.4,167.09,217.81,157.84,2902.12
2392,73.4,169.71,215.87,156.6,2900.64
2393,73.4,171.5,216.14,155.35,2897.03
2394,73.4,172.7,215.52,154.68,2896.35
2395,73.4,172.78,216.84,156.3,2896.17
2396,73.4,173.87,216.04,156.81,2897.79
2397,73.4,174.07,215.15,155.19,2895.8
2398,73.4,174.5,215.73,155.82,2893.49
2399,73.4,173.41,214.7,155.62,2892.34
2400,73.4,173.94,216.46,155.82,2891.72
2401,68.4,170.72,217.18,156.1,2898.26
2402,63.4,165.67,219.12,158.22,2909.76
2403,58.4,157.88,222.25,159.71,2921.06
2404,53.4,149.6,225.59,162.01,2934.09
2405,48.4,141.45,227.41,164.8,2953.36
2406,43.4,132.8,233.25,166.46,2972.56
2407,42.53,125.62,236.22,169.04,2986.49
2408,47.53,123.66,235.4,170.56,2991.57
2409,52.53,126.12,234.29,169.41,2985.75
2410,54.7,128.92,232.19,170.22,2978.49
2411,54.7,130.84,233.33,169.79,2976.38
2412,54.7,131.56,231.18,169.62,2977.56
2413,49.7,129.18,231.27,167.82,2979.71
2414,47.94,126.57,234.55,169.39,2986.01
2415,47.94,124.6,234.66,171.07,2990.21
2416,47.94,122.37,234.64,170.43,2991.65
2417,47.94,122.14,235.2,170.61,2996.39
2418,47.94,121.35,237.56,170.26,2997.25
2419,47.94,121.0,237.47,170.91,2998.54
2420,47.94,120.53,236.17,173.01,2997.61
2421,47.94,120.92,234.77,172.26,2997.68
2422,47.94,121.08,232.67,172.08,2995.67
2423,47.94,121.12,232.89,171.15,2996.03
2424,47.94,120.45,233.61,170.22,2993.15
2425,47.94,121.03,233.28,170.38,2996.31
2426,47.94,120.61,233.53,170.82,2999.26
2427,47.94,120.04,234.38,169.56,2998.29
2428,47.94,120.25,234.27,169.7,2995.59
2429,47.94,120.41,236.1,169.28,2995.27
2430,47.94,120.74,237.54,168.67,2995.95
2431,42.94,117.71,238.58,168.36,3004.07
2432,37.94,113.05,240.88,170.2,3014.02
2433,37.19,109.45,243.49,172.96,3023.67
2434,37.19,105.72,244.2,174.31,3030.8
2435,37.19,104.19,246.01,174.19,3035.15
2436,37.19,102.73,246.79,174.73,3043.57
2437,37.19,100.71,245.63,175.81,3047.87
2438,37.19,99.51,245.63,177.23,3046.61
2439,37.19,98.92,246.46,177.59,3047.83
2440,37.19,99.32,246.79,177.85,3047.04
2441,37.19,99.2,246.77,177.8,3048.46
2442,37.19,99.63,245.19,177.77,3045.68
2443,37.19,99.02,245.99,178.28,3044.89
2444,37.19,97.79,245.19,178.82,3039.08
2445,37.19,98.48,246.11,179.53,3040.1
2446,37.19,97.33,246.67,180.0,3043.05
2447,37.19,97.23,246.71,178.88,3041.64
2448,37.19,97.97,245.46,177.8,3040.08
2449,37.19,97.27,245.93,178.7,3040.82
2450,32.19,93.62,248.3,180.64,3046.72
2451,27.19,88.42,250.98,182.85,3057.4
2452,22.19,81.21,254.33,184.64,3072.23
2453,21.83,76.32,257.13,185.74,3081.52
2454,21.83,73.2,256.74,186.64,3089.03
2455,26.83,73.93,256.44,185.85,3090.31
2456,31.83,78.1,254.76,184.98,3083.91
2457,36.83,83.66,252.26,182.74,3073.34
2458,41.83,90.73,248.9,181.96,3060.51
2459,46.83,98.63,246.16,179.04,3044.14
2460,51.83,107.76,243.51,176.27,3025.47
2461,56.83,117.76,239.34,173.26,3006.85
2462,61.83,127.34,234.86,169.68,2985.39
2463,66.83,136.74,228.96,166.04,2965.22
2464,69.36,145.46,225.28,161.86,2951.41
2465,69.36,152.06,223.41,162.35,2936.64
2466,69.36,157.08,220.7,161.35,2925.71
2467,69.36,159.66,220.15,160.34,2922.04
2468,69.36,161.5,218.86,159.3,2919.66
2469,64.36,159.27,220.74,160.9,2919.34
2470,59.36,155.45,224.55,162.15,2929.95
2471,54.36,149.58,226.23,163.87,2939.84
2472,49.36,141.87,229.54,166.24,2957.83
2473,44.36,132.86,232.17,169.9,2974.29
2474,39.36,123.9,235.82,171.19,2995.66
2475,34.36,114.11,238.67,173.29,3009.67
2476,29.36,104.05,242.18,176.51,3028.44
2477,27.62,96.68,247.46,179.21,3044.67
2478,27.62,91.15,248.24,180.37,3054.74
2479,27.62,87.55,252.88,181.68,3059.53
2480,27.62,84.51,253.68,182.28,3065.4
2481,27.62,82.68,252.88,181.87,3072.27
2482,27.62,80.77,254.09,181.24,3079.31
2483,27.62,79.56,254.18,182.16,3079.58
2484,27.62,79.16,255.05,183.31,3082.48
2485,27.62,78.73,254.93,185.22,3084.83
2486,27.62,78.05,255.09,184.42,3084.31
2487,32.62,80.58,253.34,184.67,3079.07
2488,37.62,84.86,252.4,183.37,3067.22
2489,42.62,92.61,248.31,180.31,3056.35
2490,47.62,100.7,243.09,177.59,3039.28
2491,52.62,110.24,239.97,174.51,3023.28
2492,57.62,119.53,235.67,172.71,3004.08
2493,62.62,129.13,232.24,168.77,2982.89
2494,66.2,138.1,228.5,167.24,2965.05
2495,66.2,144.8,226.08,166.0,2952.92
2496,66.2,149.07,224.37,163.52,2944.64
2497,61.2,148.89,224.03,164.33,2941.64
2498,57.37,146.15,226.36,164.96,2946.76
2499,57.37,144.58,227.14,163.93,2949.74
2500,57.37,144.16,226.85,164.17,2951.45
2501,57.37,143.01,226.72,164.98,2954.12
2502,57.37,142.64,226.16,164.89,2955.14
2503,57.37,142.22,226.03,165.83,2958.68
2504,52.37,138.06,227.59,166.23,2970.35
2505,47.37,132.27,232.2,166.82,2977.58
2506,42.37,124.94,234.25,168.93,2989.49
2507,37.37,116.59,239.04,172.5,3007.45
2508,32.37,108.27,242.68,174.53,3022.52
2509,27.37,99.22,245.31,176.45,3043.58
2510,23.1,90.96,249.88,180.24,3060.91
2511,23.1,83.55,253.29,182.47,3073.67
2512,23.1,78.92,256.03,182.78,3080.92
2513,23.1,75.29,257.07,182.92,3086.17
2514,23.1,72.91,257.45,182.69,3091.38
2515,23.1,72.21,258.11,184.96,3097.53
2516,23.1,71.49,258.52,185.33,3100.69
2517,23.1,70.4,256.84,185.97,3099.11
2518,23.1,69.35,257.55,185.94,3097.45
2519,23.1,69.18,259.02,185.1,3101.65
2520,23.1,68.2,261.19,185.08,3102.34
2521,23.1,67.35,260.53,185.58,3102.36
2522,28.1,70.57,257.84,185.75,3096.31
2523,33.1,77.02,255.02,183.72,3087.34
2524,38.1,83.11,251.02,182.63,3070.79
2525,43.1,90.42,249.94,178.96,3055.61
2526,48.1,99.63,243.16,176.4,3039.22
2527,52.44,108.95,240.96,173.73,3022.81
2528,52.44,114.96,237.1,171.14,3006.97
2529,52.44,120.01,234.3,170.58,2998.27
2530,52.44,122.99,235.21,169.61,2993.94
2531,52.44,125.15,234.34,171.13,2986.81
2532,52.44,127.29,234.54,169.97,2987.95
2533,52.44,127.21,233.5,168.57,2986.32
2534,52.44,127.53,233.72,168.41,2983.39
2535,52.44,128.5,233.18,167.58,2987.9
2536,52.44,128.74,230.85,167.19,2982.93
2537,52.44,129.57,231.76,167.92,2981.24
2538,52.44,129.59,231.7,168.04,2982.46
2539,52.44,129.92,232.53,168.59,2983.42
2540,52.44,130.12,232.97,169.52,2980.99
2541,52.44,129.7,231.74,169.37,2976.92
2542,57.44,133.2,230.6,169.13,2970.13
2543,62.44,138.48,229.68,168.26,2959.06
2544,63.57,143.07,227.91,166.64,2950.72
2545,63.57,146.84,224.48,164.87,2946.31
2546,63.57,149.06,225.33,164.92,2941.75
2547,63.57,151.04,223.85,164.75,2942.75
2548,63.57,152.38,223.64,163.62,2936.78
2549,63.57,152.87,222.27,162.46,2933.27
2550,63.57,152.82,222.4,162.5,2932.0
2551,63.57,153.56,222.31,161.68,2932.76
2552,63.57,154.52,222.79,161.44,2929.78
2553,63.57,154.1,223.02,161.26,2927.42
2554,63.57,153.49,224.41,162.59,2927.33
2555,63.57,153.83,222.74,163.49,2929.53
2556,63.57,154.2,221.04,163.54,2930.56
2557,63.57,154.41,222.48,163.09,2930.1
2558,63.57,154.52,222.52,162.02,2929.14
2559,63.57,153.47,222.09,162.86,2930.66
2560,63.57,153.21,223.1,161.89,2931.56
2561,63.57,153.21,223.79,160.62,2930.3
2562,63.57,152.47,223.23,161.96,2930.11
2563,63.57,152.52,223.97,162.79,2930.8
2564,63.57,153.15,222.54,163.61,2935.77
2565,63.57,153.51,220.53,162.64,2936.17
2566,63.57,153.3,222.48,162.88,2933.81
2567,63.57,153.37,221.68,162.43,2932.47
2568,63.57,153.99,224.13,161.11,2928.79
2569,63.57,153.72,222.21,161.37,2931.56
2570,63.57,154.4,222.59,161.36,2928.04
2571,58.57,150.99,224.07,162.92,2934.42
2572,53.57,145.22,224.91,162.57,2944.38
2573,50.98,138.98,228.01,164.21,2955.76
2574,50.98,134.91,226.61,166.98,2962.8
2575,50.98,132.35,227.41,168.49,2970.01
2576,50.98,130.35,229.03,170.11,2974.63
2577,50.98,129.27,229.61,168.38,2977.69
2578,50.98,128.77,232.07,166.89,2977.9
2579,50.98,127.96,232.68,167.53,2980.05
2580,50.98,127.89,232.21,168.84,2982.67
2581,50.98,127.48,234.38,170.26,2985.5
2582,50.98,125.84,235.88,170.64,2989.63
2583,50.98,126.83,236.93,170.98,2991.21
2584,55.98,131.04,234.95,168.35,2982.7
2585,60.98,136.34,232.08,165.87,2967.79
2586,65.98,142.63,229.45,165.5,2956.16
2587,67.71,149.03,226.25,162.27,2943.08
2588,67.71,152.85,223.6,161.44,2935.73
2589,67.71,156.08,221.96,159.3,2928.73
2590,67.71,157.94,222.31,158.87,2925.82
2591,67.71,159.36,221.38,159.76,2921.43
2592,67.71,159.92,220.67,159.13,2920.7
2593,67.71,160.25,220.41,159.13,2919.61
2594,67.71,160.6,219.67,159.28,2918.81
2595,62.71,157.93,222.54,159.41,2924.02
2596,57.71,152.12,224.57,160.31,2933.54
2597,52.71,145.51,227.25,162.29,2945.87
2598,47.71,138.63,230.48,164.56,2961.49
2599,46.34,133.06,232.59,166.3,2973.29
2600,46.34,128.06,233.7,167.05,2980.67
2601,41.34,121.27,237.02,169.19,2993.97
2602,36.34,114.42,241.4,171.66,3008.73
2603,31.34,105.4,245.21,174.36,3025.85
2604,26.34,95.97,247.77,177.57,3042.28
2605,21.52,87.23,251.09,180.3,3059.8
2606,21.52,80.62,253.63,182.3,3077.69
2607,21.52,76.08,254.93,183.17,3088.46
2608,21.52,73.46,256.92,184.89,3096.02
2609,21.52,71.69,256.09,186.09,3102.07
2610,21.52,69.07,256.56,185.71,3102.87
2611,21.52,67.67,258.03,186.81,3107.06
2612,21.52,66.51,257.96,187.95,3109.12
2613,21.52,66.15,259.24,187.67,3110.31
2614,21.52,65.7,259.92,186.28,3108.73
2615,21.52,65.21,259.76,185.78,3107.93
2616,21.52,64.45,260.57,186.11,3105.02
2617,21.52,64.25,260.93,185.97,3105.0
2618,21.52,64.5,261.18,185.15,3107.49
2619,21.52,64.31,261.0,185.71,3107.07
2620,21.52,64.06,260.6,187.42,3105.11
2621,21.52,65.25,260.35,187.35,3104.29
2622,21.52,64.85,259.93,186.43,3105.47
2623,21.52,64.75,261.99,185.7,3106.92
2624,21.52,65.0,260.51,186.66,3106.93
2625,21.52,63.82,261.21,185.9,3105.64
2626,21.52,64.57,260.69,186.99,3109.25
2627,21.52,64.44,261.46,186.41,3113.82
2628,21.52,64.32,262.24,187.29,3113.19
2629,21.52,64.25,261.61,185.51,3112.57
2630,26.52,67.85,260.1,182.7,3102.85
2631,31.52,72.98,257.85,182.45,3091.94
2632,36.52,80.41,253.61,181.63,3079.29
2633,41.52,88.64,250.13,181.13,3064.17
2634,46.52,96.87,246.78,179.02,3045.13
2635,51.52,106.81,243.22,174.17,3027.27
2636,56.52,116.17,239.53,172.5,3008.26
2637,61.52,126.91,234.88,170.17,2989.88
2638,66.52,136.7,231.23,166.67,2968.25
2639,70.16,145.23,227.16,164.3,2951.74
2640,70.16,152.26,223.79,161.44,2938.68
2641,70.16,157.34,222.46,161.25,2928.25
2642,70.16,160.1,220.04,160.2,2921.22
2643,70.16,162.37,218.96,159.4,2914.9
2644,70.16,164.33,218.4,158.81,2910.54
2645,70.16,164.57,219.25,158.99,2905.73
2646,70.16,165.78,219.45,158.76,2908.8
2647,70.16,166.35,217.26,158.8,2908.25
2648,70.16,166.35,217.71,157.19,2909.36
2649,70.16,166.2,216.47,157.32,2909.02
2650,70.16,166.62,215.84,157.09,2905.65
2651,70.16,166.72,217.22,157.33,2907.27
2652,65.16,164.48,217.87,158.25,2917.33
2653,60.16,159.76,218.6,160.26,2926.33
2654,55.16,153.0,221.38,161.58,2937.58
2655,50.16,144.41,226.24,163.13,2951.86
2656,45.16,134.64,231.18,167.08,2968.75
2657,44.54,128.16,234.26,170.12,2982.82
2658,44.54,123.42,234.33,170.18,2992.01
2659,44.54,120.13,236.2,170.66,2996.17
2660,44.54,117.56,238.88,172.16,3004.66
2661,39.54,113.47,240.11,174.45,3013.38
2662,34.54,107.3,242.71,173.54,3029.06
2663,29.54,99.96,246.25,176.11,3043.45
2664,29.39,94.19,249.06,176.94,3053.76
2665,29.39,90.73,250.21,178.87,3058.62
2666,29.39,87.54,251.45,180.46,3060.26
2667,29.39,86.05,251.54,180.88,3062.48
2668,29.39,84.32,253.11,181.35,3065.94
2669,29.39,83.48,253.73,182.01,3068.98
2670,29.39,83.5,254.65,182.45,3071.37
2671,29.39,83.29,254.63,183.27,3074.73
2672,34.39,85.46,251.87,181.54,3070.94
2673,39.39,89.85,250.07,180.28,3062.36
2674,44.39,96.95,245.72,177.44,3045.36
2675,49.39,104.71,242.49,174.38,3032.47
2676,52.95,111.99,240.79,173.49,3017.8
2677,52.95,117.41,238.6,170.89,3007.56
2678,52.95,121.51,236.31,169.11,2993.62
2679,52.95,123.9,236.23,168.52,2988.47
2680,52.95,126.42,236.87,169.49,2983.26
2681,52.95,126.88,237.87,170.93,2981.94
2682,52.95,127.54,237.18,170.03,2980.41
2683,52.95,129.09,236.06,168.54,2978.92
2684,52.95,130.05,235.46,168.66,2980.39
2685,52.95,130.22,234.7,165.83,2978.65
2686,52.95,130.89,233.6,166.18,2976.25
2687,52.95,131.49,233.77,167.45,2973.2
2688,52.95,131.32,233.06,167.46,2973.29
2689,52.95,131.11,233.7,166.16,2978.13
2690,52.95,131.38,233.25,167.51,2975.07
2691,52.95,131.0,232.85,168.81,2975.73
2692,52.95,131.28,232.11,169.03,2979.65
2693,52.95,131.76,232.1,169.33,2980.19
2694,57.95,134.99,231.93,168.98,2972.85
2695,59.61,138.37,229.88,166.82,2965.35
2696,59.61,140.38,227.16,166.73,2955.1
2697,59.61,143.18,228.42,165.77,2953.48
2698,59.61,143.93,227.21,165.47,2952.03
2699,59.61,144.26,227.13,164.04,2951.39
2700,59.61,144.62,227.03,163.93,2953.14
2701,59.61,144.61,227.05,165.06,2951.93
2702,59.61,144.89,226.74,165.8,2950.72
2703,59.61,145.62,226.52,164.64,2951.75
2704,59.61,145.34,227.09,162.34,2951.13
2705,64.61,148.21,224.45,161.56,2943.23
2706,69.61,153.58,220.96,160.82,2935.28
2707,74.61,160.65,219.33,160.02,2923.16
2708,77.29,168.09,216.16,157.52,2910.39
2709,77.29,172.71,215.22,157.87,2899.91
2710,77.29,175.8,212.81,158.3,2891.88
2711,77.29,177.6,211.75,156.38,2885.47
2712,77.29,178.75,209.99,154.93,2886.34
2713,77.29,180.19,211.05,155.48,2886.72
2714,77.29,179.94,209.64,154.28,2882.37
2715,77.29,180.5,209.43,154.26,2880.34
2716,77.29,180.68,207.56,153.27,2877.75
2717,77.29,181.05,207.29,152.99,2874.78
2718,77.29,181.37,207.16,152.5,2872.34
2719,77.29,181.57,207.28,153.56,2874.06
2720,77.29,181.76,207.43,153.89,2875.84
2721,77.29,182.0,209.93,154.17,2877.53
2722,77.29,182.16,210.76,153.37,2875.96
2723,77.29,182.38,211.01,153.85,2877.99
2724,77.29,181.65,209.86,153.97,2875.75
2725,77.29,183.54,210.55,153.8,2874.61
2726,77.29,182.93,210.55,153.84,2873.93
2727,77.29,182.61,211.86,154.88,2874.86
2728,72.29,178.7,213.32,156.65,2884.06
2729,67.29,173.85,216.58,157.58,2895.31
2730,62.29,166.6,219.08,160.16,2907.05
2731,57.29,158.28,221.98,161.62,2924.04
2732,53.26,150.13,226.73,162.51,2942.23
2733,53.26,144.26,226.53,164.36,2951.94
2734,53.26,139.98,226.51,165.46,2961.2
2735,53.26,137.83,228.23,166.62,2965.68
2736,53.26,135.32,227.96,166.88,2968.54
2737,53.26,134.71,229.95,167.72,2970.31
2738,53.26,133.16,231.0,168.23,2967.33
2739,53.26,132.35,230.63,168.27,2968.42
2740,53.26,132.18,230.85,168.08,2969.35
2741,53.26,131.76,230.13,168.37,2972.58
2742,53.26,131.4,232.23,168.02,2976.76
2743,53.26,131.21,230.16,168.35,2977.12
2744,53.26,131.42,230.09,168.23,2975.85
2745,53.26,131.4,231.52,168.32,2977.21
2746,53.26,131.42,231.34,167.31,2976.19
2747,53.26,129.89,230.97,167.47,2977.35
2748,48.26,127.19,233.0,166.8,2983.23
2749,45.18,122.65,233.69,168.48,2993.89
2750,45.18,120.5,235.4,169.79,2997.37
2751,45.18,118.54,237.01,169.61,3002.43
2752,45.18,117.25,238.54,171.36,3001.43
2753,45.18,116.24,237.92,170.37,3002.01
2754,45.18,117.05,238.96,172.66,3006.15
2755,45.18,116.03,238.69,173.2,3008.26
2756,45.18,115.39,237.38,175.74,3008.57
2757,45.18,115.07,238.08,174.69,3009.33
2758,45.18,115.65,238.33,173.22,3009.28
2759,41.36,112.78,241.09,174.75,3014.6
2760,41.36,110.36,240.37,174.89,3018.78
2761,41.36,109.12,240.61,174.51,3020.99
2762,41.36,107.25,240.16,174.21,3025.0
2763,41.36,106.72,241.13,174.68,3027.98
2764,41.36,107.39,241.56,174.45,3026.15
2765,41.36,107.11,241.49,175.12,3027.03
2766,41.36,107.33,243.14,176.63,3027.06
2767,41.36,107.74,242.68,177.14,3028.95
2768,41.36,107.98,242.8,176.02,3025.37
2769,41.36,107.62,244.33,175.52,3027.22
2770,41.36,107.81,243.58,176.47,3021.12
2771,41.36,106.91,242.42,175.43,3023.35
2772,41.36,107.04,242.92,175.83,3022.33
2773,41.36,106.37,243.28,175.14,3020.38
2774,41.36,107.0,244.52,176.4,3022.53
2775,41.36,107.27,245.37,175.52,3025.88
2776,41.36,107.28,245.5,175.57,3028.6
2777,41.36,107.27,243.2,176.61,3026.01
2778,41.36,107.77,242.98,177.13,3028.37
2779,41.36,107.71,243.43,176.88,3023.72
2780,41.36,107.51,242.12,176.51,3022.2
2781,41.36,106.72,243.92,176.97,3023.42
2782,36.36,103.7,244.68,177.79,3029.23
2783,31.36,98.84,246.56,178.47,3040.99
2784,26.36,91.5,249.8,179.76,3056.42
2785,21.36,84.11,252.37,181.88,3073.51
2786,20.86,77.81,255.49,184.01,3087.33
2787,20.86,73.31,256.27,184.8,3092.91
2788,20.86,70.74,256.59,187.47,3101.34
2789,22.76,69.86,258.34,185.82,3107.31
2790,22.76,68.95,258.57,184.5,3107.41
2791,22.76,68.05,258.96,184.61,3104.35
2792,22.76,67.57,259.35,184.11,3102.87
2793,22.76,67.97,262.0,185.16,3101.5
2794,22.76,67.73,261.29,185.24,3104.18
2795,27.76,71.01,260.31,184.42,3100.6
2796,32.76,76.26,256.4,184.94,3085.49
2797,37.76,82.8,252.66,184.67,3075.88
2798,42.76,91.65,248.99,183.51,3059.97
2799,47.76,100.73,245.57,179.82,3041.3
2800,52.76,109.65,242.27,176.67,3022.37
2801,57.76,119.9,235.02,173.68,3004.32
2802,62.76,130.04,231.51,170.45,2985.92
2803,67.76,140.46,227.46,167.33,2968.12
2804,71.33,148.2,223.27,165.46,2950.0
2805,71.33,154.94,220.58,162.28,2933.94
2806,71.33,160.17,218.52,160.84,2922.38
2807,71.33,163.47,217.17,159.67,2912.43
2808,71.33,164.56,216.77,157.87,2913.04
2809,71.33,165.1,215.68,157.68,2908.52
2810,71.33,165.95,214.76,156.75,2905.52
2811,71.33,168.08,215.15,157.83,2905.0
2812,71.33,169.15,212.55,157.4,2906.24
2813,71.33,169.05,215.29,158.53,2903.56
2814,71.33,169.02,214.43,157.63,2900.15
2815,71.33,169.47,213.39,157.98,2901.49
2816,71.33,168.73,215.66,158.16,2902.67
2817,66.33,165.52,217.68,159.67,2908.1
2818,61.33,161.5,219.86,161.65,2918.98
2819,56.33,154.83,221.02,163.31,2930.85
2820,51.33,146.29,226.6,164.91,2944.91
2821,48.45,138.75,228.24,167.86,2959.0
2822,48.45,133.91,232.04,168.38,2971.32
2823,48.45,129.75,235.79,169.89,2978.49
2824,49.5,127.62,235.58,169.75,2986.48
2825,49.5,125.9,235.67,169.9,2987.94
2826,49.5,125.26,235.49,170.72,2990.41
2827,49.5,125.08,232.45,170.83,2987.61
2828,49.5,125.06,234.82,169.93,2988.44
2829,49.5,124.42,236.25,170.12,2993.0
2830,49.5,124.49,236.25,170.23,2994.37
2831,49.5,123.46,236.1,170.19,2995.14
2832,49.5,123.51,234.87,170.23,2992.07
2833,49.5,122.68,235.77,170.72,2993.01
2834,49.5,123.71,235.01,169.45,2992.6
2835,49.5,123.6,234.3,169.64,2991.23
2836,49.5,122.79,234.2,168.93,2991.96
2837,49.5,122.81,235.69,170.62,2993.37
2838,49.5,122.37,237.12,171.79,2993.03
2839,49.5,123.51,236.07,169.85,2991.23
2840,44.5,121.35,235.74,170.88,2997.86
2841,39.5,115.57,237.91,172.57,3007.61
2842,34.5,107.92,241.44,175.45,3023.6
2843,30.39,100.29,243.55,177.11,3041.36
2844,30.39,95.67,246.98,179.22,3051.5
2845,30.39,92.18,249.35,179.55,3054.93
2846,30.39,90.03,251.57,179.32,3061.8
2847,30.39,89.01,251.89,179.4,3065.21
2848,30.39,87.18,251.5,180.45,3064.15
2849,30.39,85.45,251.87,180.83,3067.3
2850,30.39,85.9,252.2,181.59,3066.86
2851,30.39,85.66,251.81,181.7,3068.29
2852,30.39,85.63,250.75,179.89,3069.08
2853,30.39,85.32,251.47,181.44,3070.94
2854,30.39,84.59,249.5,181.35,3073.42
2855,35.39,87.31,249.12,180.91,3064.77
2856,40.39,92.88,249.12,179.23,3052.19
2857,43.91,98.64,244.3,177.83,3042.11
2858,43.91,103.55,242.96,176.9,3032.43
2859,43.91,105.97,240.69,175.77,3026.76
2860,43.91,107.99,240.0,175.2,3022.74
2861,43.91,109.09,240.23,174.77,3022.11
2862,43.91,109.97,239.95,174.29,3018.72
2863,43.91,110.46,242.14,173.37,3017.22
2864,43.91,110.79,241.4,173.19,3017.29
2865,43.91,110.36,242.16,173.84,3014.29
2866,43.91,109.78,240.68,173.59,3019.84
2867,43.91,110.78,238.81,173.06,3018.45
2868,43.91,111.34,238.0,173.13,3016.15
2869,43.91,111.05,239.0,173.9,3017.66
2870,43.91,111.68,238.95,174.4,3017.66
2871,43.91,111.91,238.8,173.78,3017.18
2872,43.91,113.22,239.6,173.25,3015.03
2873,43.91,112.67,242.04,173.05,3017.01
2874,43.91,112.35,241.84,173.87,3015.44
2875,48.91,115.13,241.74,173.69,3010.76
2876,53.91,120.95,239.12,173.49,2999.69
2877,58.11,127.56,234.24,170.33,2984.17
2878,58.11,132.54,229.73,168.45,2969.72
2879,58.11,134.97,228.63,168.56,2966.38
2880,58.11,136.67,229.42,167.55,2963.33
2881,53.11,134.52,229.27,167.07,2967.51
2882,48.11,130.51,233.04,168.59,2971.23
2883,43.11,124.65,234.04,169.48,2983.92
2884,42.48,119.68,234.98,171.16,2992.4
2885,42.48,116.71,239.26,171.1,3000.59
2886,42.48,113.2,239.71,172.64,3008.34
2887,42.48,112.04,241.22,175.24,3015.74
2888,42.48,110.93,239.93,174.7,3015.6
2889,42.48,110.63,239.3,174.58,3019.08
2890,42.48,110.15,239.1,175.5,3016.08
2891,42.48,109.7,239.86,175.22,3018.09
2892,42.48,109.86,240.4,174.71,3018.33
2893,42.48,109.36,241.6,174.14,3021.0
2894,42.48,109.32,241.13,174.74,3019.73
2895,42.48,109.6,241.53,174.2,3021.35
2896,42.48,109.76,242.76,175.07,3022.4
2897,42.48,109.03,244.91,173.78,3024.06
2898,42.48,109.29,242.8,173.9,3023.16
2899,42.48,109.92,241.78,173.87,3018.02
2900,42.48,110.57,240.7,174.33,3018.89
2901,47.48,113.26,240.48,174.82,3013.91
2902,50.19,117.23,239.12,174.15,3005.57
2903,50.19,120.22,238.94,173.74,2999.34
2904,50.19,121.69,237.95,171.49,2999.49
2905,50.19,122.79,237.3,170.55,2993.75
2906,50.19,123.27,236.78,170.89,2992.71
2907,50.19,124.08,235.86,170.98,2994.63
2908,50.19,124.83,236.36,170.89,2990.0
2909,50.19,124.48,236.35,170.58,2990.64
2910,50.19,125.59,236.62,171.38,2990.4
2911,50.19,125.13,236.03,170.29,2993.16
2912,50.19,125.6,236.19,171.16,2987.93
2913,50.19,125.83,234.47,170.77,2987.69
2914,50.19,126.03,234.81,171.58,2986.94
2915,50.19,126.2,234.98,169.76,2985.79
2916,50.19,125.88,236.04,170.17,2984.48
2917,50.19,125.67,237.7,170.18,2985.24
2918,50.19,125.83,237.6,169.72,2987.44
2919,50.19,125.54,237.49,169.91,2988.93
2920,50.19,125.11,235.87,170.66,2988.86
2921,50.19,125.34,235.25,171.15,2987.75
2922,50.19,125.29,235.91,171.71,2987.14
2923,50.19,126.3,235.9,170.33,2988.5
2924,50.19,125.84,236.01,170.16,2988.86
2925,50.19,125.25,236.65,169.15,2986.75
2926,50.19,125.48,237.71,169.09,2988.89
2927,55.19,129.14,236.31,168.18,2980.5
2928,59.52,132.79,233.08,167.96,2969.11
2929,59.52,136.8,230.14,166.94,2964.79
2930,59.52,138.93,229.2,165.81,2961.77
2931,59.52,140.87,228.42,166.6,2959.56
2932,59.52,141.76,227.74,165.85,2956.86
2933,59.52,143.99,227.72,163.75,2953.72
2934,59.52,143.33,227.0,162.32,2950.86
2935,59.52,143.07,227.21,162.91,2951.21
2936,54.52,140.44,226.93,164.63,2961.0
2937,49.52,135.71,229.06,165.19,2968.48
2938,44.52,129.27,233.39,167.83,2983.44
2939,39.52,121.74,237.21,169.84,2998.96
2940,34.52,112.55,240.74,172.94,3019.13
2941,29.52,102.73,245.03,176.93,3037.71
2942,24.52,93.77,249.49,180.47,3053.33
2943,24.23,86.22,252.09,180.24,3069.26
2944,24.23,82.23,253.49,181.51,3077.8
2945,24.23,78.85,255.03,183.14,3083.58
2946,24.23,76.94,256.42,183.35,3090.64
2947,24.23,74.44,256.86,184.76,3091.47
2948,24.23,73.53,257.8,184.28,3093.35
2949,24.23,72.66,257.37,186.47,3093.28
2950,24.23,72.63,257.22,185.3,3094.97
2951,24.23,72.44,258.43,186.6,3101.83
2952,24.23,72.1,257.7,186.62,3100.22
2953,24.23,72.2,256.55,188.17,3101.33
2954,24.23,70.96,256.33,188.01,3102.75
2955,24.23,70.31,257.6,185.68,3101.21
2956,24.23,71.04,257.23,184.41,3100.6
2957,21.59,69.03,258.86,184.49,3101.67
2958,21.59,66.91,259.54,185.13,3101.59
2959,21.59,66.54,260.88,185.53,3104.45
2960,21.59,66.31,259.58,187.63,3104.97
2961,21.59,66.35,260.65,187.34,3107.49
2962,21.59,66.17,259.2,186.99,3106.81
2963,21.59,65.69,258.31,187.91,3110.77
2964,21.59,66.07,260.26,187.37,3109.06
2965,21.59,65.46,261.0,187.46,3108.98
2966,21.59,66.08,261.27,186.66,3107.72
2967,21.59,66.2,262.1,187.22,3112.0
2968,21.59,66.76,262.08,186.5,3108.57
2969,21.59,66.14,262.38,188.12,3109.63
2970,21.59,66.48,261.59,188.3,3111.18
2971,21.59,65.15,260.87,188.68,3111.17
2972,21.59,64.61,258.35,187.9,3110.47
2973,21.59,64.39,259.16,188.05,3111.47
2974,21.59,63.49,258.27,187.5,3111.97
2975,21.59,64.29,259.43,187.06,3110.52
2976,26.59,67.39,259.19,185.42,3105.56
2977,31.59,73.18,256.86,183.58,3091.38
2978,36.59,79.96,253.59,180.03,3077.46
2979,41.59,88.63,250.85,178.13,3061.91
2980,46.59,97.12,247.17,177.54,3046.57
2981,51.59,106.74,242.59,175.59,3024.22
2982,56.59,116.25,239.12,173.32,3006.99
2983,61.59,126.32,234.56,170.67,2985.38
2984,66.59,135.96,230.27,167.62,2962.21
2985,71.59,146.5,226.63,164.39,2948.09
2986,76.41,156.35,221.65,161.0,2927.23
2987,76.41,163.42,217.12,158.51,2912.59
2988,76.41,169.15,217.55,158.27,2900.98
2989,76.41,172.2,215.5,158.46,2894.07
2990,76.41,174.01,213.71,157.77,2890.95
2991,76.41,175.85,213.65,154.87,2887.59
2992,76.41,177.67,212.09,153.98,2881.3
2993,76.41,179.3,211.11,154.23,2881.84
2994,76.41,180.41,210.99,153.77,2881.35
2995,71.41,177.92,212.24,154.02,2883.88
2996,66.41,171.77,215.5,155.61,2893.82
2997,61.41,164.57,218.36,157.68,2907.75
2998,56.41,157.42,223.16,158.93,2925.0
2999,51.41,148.19,226.08,162.25,2942.29
3000,46.41,139.09,230.4,165.45,2959.83
3001,43.29,130.32,232.15,167.34,2981.26
3002,43.29,124.1,233.62,169.6,2992.11
3003,43.29,120.05,237.26,171.37,2998.87
3004,43.29,117.09,237.89,172.87,3004.05
3005,43.29,114.34,238.79,171.98,3012.66
3006,43.29,112.83,239.3,172.8,3013.74
3007,43.29,112.11,240.24,174.39,3016.61
3008,43.29,112.49,239.44,174.54,3017.39
3009,43.29,112.19,241.29,174.21,3016.82
3010,43.29,112.07,239.44,173.96,3016.96
3011,43.29,111.26,240.98,173.13,3017.05
3012,43.29,111.3,242.35,173.39,3019.26
3013,43.29,111.54,242.08,172.71,3016.07
3014,43.29,111.4,241.22,173.84,3018.19
3015,43.29,111.16,240.01,174.3,3016.15
3016,47.5,113.36,238.2,173.35,3013.8
3017,47.5,115.27,237.48,171.58,3010.92
3018,47.5,116.22,237.53,171.27,3009.48
3019,47.5,117.2,237.39,171.73,3011.01
3020,47.5,118.4,237.26,171.66,3006.81
3021,47.5,118.33,236.7,171.0,3006.23
3022,47.5,118.22,238.2,171.75,3004.56
3023,47.5,118.67,237.36,171.89,3005.52
3024,47.5,118.64,235.8,172.34,3004.67
3025,47.5,118.41,235.5,171.4,3001.98
3026,47.5,118.65,235.76,170.91,3000.02
3027,47.5,118.86,236.38,170.84,3002.49
3028,47.5,119.38,235.05,171.45,3003.11
3029,47.5,119.27,234.22,171.48,3002.32
3030,47.5,118.85,233.68,171.41,3001.31
3031,47.5,118.91,234.67,170.56,3000.21
3032,47.5,119.42,235.09,169.5,2999.35
3033,47.5,118.98,236.01,170.36,2996.39
3034,52.5,122.74,233.92,171.05,2991.23
3035,57.5,127.52,231.08,169.66,2980.63
3036,62.5,134.59,230.49,166.96,2967.82
3037,67.5,143.44,227.39,163.43,2953.44
3038,72.5,151.5,225.01,160.7,2942.0
3039,76.49,160.97,220.06,158.74,2924.54
3040,76.49,167.26,217.83,158.35,2910.55
3041,76.49,171.09,215.48,157.76,2901.74
3042,76.49,174.09,214.98,155.03,2895.47
3043,76.49,176.16,215.5,153.53,2893.57
3044,76.49,177.54,214.69,155.04,2890.24
3045,76.49,178.66,213.87,154.37,2886.74
3046,76.49,178.89,213.02,152.43,2885.2
3047,76.49,179.35,212.12,153.11,2880.4
3048,77.67,181.44,211.41,153.08,2876.48
3049,77.67,181.96,212.4,154.0,2877.38
3050,77.67,182.58,211.35,152.66,2875.9
3051,77.67,182.62,212.02,153.13,2878.49
3052,77.67,183.36,210.99,151.77,2879.85
3053,77.67,183.97,209.36,153.47,2878.79
3054,77.67,183.79,211.19,154.52,2878.59
3055,77.67,183.82,211.48,153.86,2877.04
3056,77.67,183.16,210.73,153.43,2874.79
3057,77.67,183.21,210.22,153.82,2871.24
3058,77.67,183.12,210.31,153.45,2871.66
3059,77.67,182.33,210.6,153.95,2873.28
3060,77.67,183.08,210.65,154.17,2873.74
3061,77.67,183.43,208.91,153.22,2876.93
3062,77.67,182.11,209.12,154.21,2875.8
3063,77.67,182.21,209.55,153.68,2875.25
3064,77.67,182.13,210.82,154.74,2874.54
3065,77.67,181.73,210.08,154.19,2875.33
3066,77.67,181.64,209.31,154.36,2876.74
3067,77.67,181.77,208.22,156.7,2877.42
3068,77.67,182.04,209.65,155.61,2878.06
3069,77.67,182.44,209.87,154.85,2873.88
3070,77.67,183.61,209.0,153.33,2873.43
3071,77.67,182.98,209.28,153.9,2875.52
3072,77.67,183.43,209.22,153.79,2875.82
3073,77.67,182.45,210.05,152.51,2879.29
3074,77.67,182.45,209.88,152.16,2876.37
3075,72.67,180.63,212.23,152.19,2884.9
3076,67.67,175.67,214.01,154.6,2894.14
3077,62.67,169.44,216.09,157.05,2906.07
3078,57.67,160.22,221.88,158.61,2922.03
3079,52.67,150.47,224.7,161.88,2937.4
3080,47.67,141.66,228.15,165.67,2958.84
3081,42.67,131.75,232.26,168.43,2978.66
3082,37.67,121.96,236.6,170.93,2997.83
3083,32.67,112.61,241.45,174.33,3018.76
3084,27.67,102.18,245.86,176.18,3040.8
3085,26.05,92.54,248.98,179.55,3053.02
3086,25.67,87.15,250.68,180.77,3066.66
3087,25.67,83.27,250.51,181.14,3076.27
3088,25.67,80.69,254.17,183.52,3080.37
3089,25.67,79.9,255.02,183.08,3082.65
3090,25.67,76.97,257.19,184.81,3083.48
3091,25.67,75.94,257.2,183.98,3082.59
3092,25.67,75.22,256.79,183.85,3085.92
3093,25.67,75.54,256.52,184.21,3089.26
3094,25.67,75.32,256.02,184.41,3091.23
3095,25.67,74.33,257.55,185.61,3090.08
3096,25.67,74.3,257.99,184.87,3091.68
3097,25.67,74.26,256.2,185.16,3089.63
3098,25.67,74.62,255.74,184.86,3093.15
3099,25.67,74.65,255.01,183.97,3091.67
3100,25.67,74.63,255.93,183.48,3089.49
3101,25.67,74.55,256.04,185.55,3090.38
3102,25.67,75.26,255.13,184.0,3088.68
3103,25.67,75.45,257.42,183.56,3088.82
3104,25.67,74.4,255.45,184.44,3090.28
3105,25.67,74.25,254.48,185.8,3089.85
3106,25.67,74.41,253.75,185.29,3091.14
3107,25.67,74.42,254.85,185.48,3089.19
3108,24.27,73.49,255.96,185.65,3092.0
3109,24.27,72.09,255.3,183.82,3095.45
3110,24.27,72.17,257.0,184.55,3091.97
3111,24.27,71.3,257.52,184.92,3093.35
3112,24.27,71.38,257.72,185.17,3093.49
3113,24.27,71.75,257.42,184.19,3093.32
3114,24.27,71.34,258.63,184.53,3094.37
3115,24.27,70.61,259.28,184.28,3095.28
3116,24.27,71.46,259.45,183.32,3092.57
3117,24.27,71.28,257.85,184.48,3094.3
3118,24.27,71.27,257.23,186.16,3101.12
3119,24.27,71.04,257.86,186.02,3099.68
3120,29.27,73.75,255.52,184.04,3093.7
3121,34.27,78.96,251.03,183.01,3082.33
3122,39.27,86.68,249.49,179.86,3063.69
3123,44.27,94.21,246.07,178.69,3048.79
3124,49.27,103.56,241.62,176.98,3033.51
3125,54.27,111.67,239.8,174.19,3015.86
3126,59.27,121.08,237.13,170.32,2998.08
3127,64.27,131.66,231.67,169.24,2978.14
3128,68.87,141.87,226.04,167.77,2955.47
3129,68.87,149.21,222.64,164.55,2943.64
3130,68.87,154.35,219.98,163.66,2935.86
3131,68.87,156.96,220.99,161.0,2927.08
3132,68.87,159.5,219.25,160.51,2922.66
3133,68.87,160.94,219.71,159.78,2919.55
3134,68.87,162.62,219.99,160.08,2914.62
3135,68.87,163.48,218.52,158.63,2913.31
3136,68.87,163.37,219.16,159.3,2908.74
3137,63.87,160.18,218.71,159.64,2916.55
3138,58.87,155.09,220.61,162.19,2922.8
3139,53.87,149.12,223.34,163.78,2937.03
3140,48.87,141.94,225.91,165.86,2955.41
3141,43.87,132.19,229.37,168.09,2971.74
3142,38.87,122.61,233.72,171.18,2990.56
3143,33.87,113.71,237.46,172.73,3014.57
3144,28.87,103.45,241.12,174.32,3035.97
3145,27.09,95.31,245.21,177.02,3053.07
3146,27.09,89.7,250.68,179.15,3065.14
3147,27.09,86.26,252.12,180.06,3072.13
3148,27.09,83.7,252.6,181.3,3078.83
3149,27.09,82.69,254.36,183.52,3079.79
3150,27.09,81.3,256.08,182.87,3080.75
3151,27.09,80.85,254.96,182.06,3085.45
3152,27.09,80.26,255.59,182.53,3084.8
3153,27.09,79.39,257.18,183.09,3089.56
3154,27.09,78.19,256.69,182.99,3086.39
3155,27.09,77.72,256.79,183.63,3090.68
3156,27.09,77.7,257.59,183.72,3092.7
3157,27.09,78.66,257.53,182.93,3089.66
3158,27.09,78.27,257.41,183.74,3089.55
3159,32.09,81.01,254.89,183.16,3085.96
3160,37.09,86.58,252.94,182.36,3072.7
3161,42.09,92.87,248.95,179.98,3057.01
3162,47.09,101.28,245.07,176.86,3044.46
3163,52.09,109.49,241.64,174.79,3023.21
3164,57.09,119.23,238.37,173.32,3002.96
3165,57.74,125.88,235.31,171.14,2986.41
3166,57.74,130.55,231.7,169.7,2973.48
3167,57.74,132.83,231.42,167.96,2966.72
3168,57.74,135.99,230.73,167.87,2963.62
3169,57.74,138.91,229.32,168.52,2961.66
3170,57.74,138.78,229.42,167.82,2958.31
3171,57.74,139.06,228.98,167.36,2953.13
3172,57.74,140.24,228.2,165.69,2956.33
3173,57.74,140.53,229.37,165.94,2956.68
3174,57.74,140.67,229.45,165.44,2955.22
3175,57.74,141.15,228.88,165.44,2958.08
3176,57.74,141.12,228.64,164.94,2958.77
3177,57.74,141.33,229.36,164.6,2957.48
3178,57.74,141.7,229.22,164.1,2960.1
3179,57.74,140.72,229.65,163.47,2963.09
3180,57.74,140.1,230.32,163.97,2960.68
3181,57.74,140.54,230.26,163.66,2958.1
3182,57.74,141.08,227.89,163.7,2964.0
3183,57.74,140.64,229.08,163.73,2963.07
3184,57.74,141.15,229.9,164.06,2965.38
3185,62.74,144.04,228.22,163.74,2954.47
3186,64.1,147.07,226.61,162.74,2952.24
3187,64.1,148.91,226.5,163.06,2945.77
3188,64.1,150.19,224.47,162.19,2937.7
3189,64.1,151.02,222.34,163.07,2936.85
3190,64.1,152.49,222.92,162.74,2937.95
3191,64.1,152.82,222.84,162.98,2933.15
3192,64.1,154.91,222.71,162.66,2934.95
3193,64.1,155.28,222.63,162.43,2930.68
3194,64.1,154.8,223.05,162.52,2933.15
3195,64.1,154.69,221.44,163.07,2935.31
3196,64.1,155.12,221.53,163.44,2940.8
3197,64.1,155.02,220.45,162.4,2939.04
3198,64.1,154.1,221.18,162.45,2939.63
3199,64.1,154.91,222.38,160.44,2938.81
3200,64.1,155.18,222.62,159.39,2934.84
3201,64.1,154.43,220.51,160.03,2932.02
3202,64.1,155.8,220.88,161.52,2928.51
3203,64.1,155.18,221.4,160.8,2928.34
3204,64.1,154.9,221.44,162.5,2929.82
3205,64.1,155.06,222.24,162.7,2929.94
3206,64.1,154.76,222.43,163.28,2932.44
3207,64.1,154.6,223.16,162.6,2932.0
3208,64.1,154.37,222.72,163.36,2931.82
3209,64.1,154.51,221.15,162.56,2931.02
3210,59.1,150.98,222.87,162.81,2937.4
3211,54.1,145.83,224.44,163.91,2948.16
3212,49.1,139.61,228.11,165.37,2962.64
3213,44.1,132.37,232.68,168.26,2979.73
3214,39.1,124.01,237.4,171.19,2998.68
3215,36.92,115.53,238.71,173.32,3012.69
3216,36.92,109.86,241.95,173.19,3021.29
3217,36.92,105.92,241.76,175.78,3025.66
3218,36.92,103.11,244.17,176.92,3029.23
3219,41.92,104.93,243.89,178.16,3028.44
3220,46.92,108.94,241.2,175.67,3019.14
3221,51.92,115.66,238.84,174.08,3011.0
3222,56.92,121.64,237.1,171.65,2996.85
3223,61.92,129.74,232.49,169.4,2984.54
3224,65.04,138.3,230.45,166.72,2966.03
3225,65.04,143.39,227.27,163.36,2952.83
3226,65.04,147.07,225.35,162.75,2945.76
3227,65.04,149.91,223.6,160.65,2938.93
3228,65.04,151.43,223.43,161.47,2937.18
3229,65.04,153.35,222.71,160.91,2932.59
3230,65.04,153.56,223.33,160.79,2928.37
3231,65.04,154.05,221.9,160.88,2930.05
3232,65.04,154.64,219.52,160.76,2928.78
3233,65.04,155.11,219.48,161.0,2928.33
3234,65.04,155.54,220.49,160.65,2926.91
3235,65.04,156.54,221.34,161.41,2929.34
3236,65.04,156.81,222.31,160.02,2929.0
3237,65.04,156.65,223.73,161.05,2927.09
3238,65.04,156.82,223.22,161.39,2924.98
3239,65.04,156.92,222.47,161.49,2924.09
3240,65.04,156.53,223.34,160.5,2922.96
3241,65.04,156.52,222.01,159.93,2924.34
3242,65.04,155.78,220.84,161.89,2926.01
3243,65.04,155.65,221.44,162.07,2928.25
3244,70.04,159.01,221.08,159.21,2919.41
3245,75.04,164.66,218.82,157.21,2909.56
3246,79.43,170.99,215.45,156.57,2898.43
3247,79.43,175.24,212.31,154.97,2888.77
3248,79.43,178.38,212.21,154.46,2882.87
3249,79.43,180.27,212.27,151.57,2879.59
3250,79.43,182.7,210.71,152.82,2875.51
3251,79.43,183.96,210.39,155.23,2875.46
3252,79.43,185.17,208.91,154.48,2871.11
3253,79.43,186.07,208.93,152.94,2869.86
3254,79.43,185.86,208.96,152.07,2868.87
3255,79.43,186.52,208.77,151.84,2868.54
3256,79.43,186.95,207.59,152.2,2870.53
3257,79.43,187.2,207.92,152.75,2870.19
3258,79.43,187.46,206.08,151.39,2871.06
3259,74.43,183.36,208.56,152.29,2873.97
3260,69.43,178.27,211.45,155.8,2883.05
3261,64.43,172.1,214.97,156.93,2898.55
3262,59.43,164.19,218.47,159.37,2912.91
3263,54.43,154.81,222.99,161.58,2930.29
3264,49.43,145.65,227.01,163.07,2951.5
3265,44.43,136.01,230.71,166.49,2970.54
3266,42.32,128.25,234.61,169.5,2988.75
3267,42.32,122.88,236.64,170.13,3002.14
3268,42.32,118.56,237.75,170.09,3008.85
3269,42.32,115.73,237.48,171.81,3011.87
3270,42.32,115.02,238.24,172.3,3013.24
3271,42.32,113.81,238.97,172.41,3017.36
3272,42.32,111.64,240.48,174.5,3019.96
3273,42.32,111.13,241.78,175.9,3023.07
3274,42.32,110.67,242.72,174.8,3024.37
3275,42.32,109.63,242.11,172.28,3024.54
3276,42.32,109.08,243.16,173.29,3026.1
3277,42.32,108.48,243.83,175.37,3026.47
3278,42.32,108.99,243.42,174.72,3026.73
3279,42.32,108.2,242.55,173.27,3023.98
3280,42.32,108.73,242.86,173.71,3023.8
3281,42.32,107.83,242.21,173.44,3022.02
3282,42.32,108.44,241.26,173.3,3017.91
3283,40.45,107.24,240.87,174.09,3019.67
3284,40.45,106.61,241.54,175.92,3023.8
3285,40.45,105.19,240.89,175.91,3023.84
3286,40.45,103.63,243.05,176.43,3026.76
3287,40.45,103.72,243.65,175.66,3028.18
3288,40.45,103.63,245.15,174.42,3031.22
3289,40.45,104.04,244.19,174.95,3032.36
3290,40.45,104.99,244.33,174.47,3031.8
3291,40.45,105.89,245.46,175.58,3032.89
3292,40.45,105.95,246.06,175.26,3029.34
3293,40.45,105.68,244.5,174.56,3028.14
3294,40.45,106.7,244.37,175.2,3026.29
3295,40.45,105.25,243.32,176.51,3028.1
3296,40.45,105.46,244.14,175.8,3031.48
3297,40.45,104.99,245.38,176.13,3027.5
3298,40.45,104.6,243.06,176.94,3028.23
3299,40.45,103.59,243.6,176.15,3025.83
3300,40.45,104.83,243.7,175.79,3026.32
3301,40.45,104.11,242.37,176.8,3026.51
3302,40.45,104.37,240.69,175.42,3028.81
3303,40.45,104.73,243.32,176.59,3028.74
3304,40.45,105.03,243.08,177.98,3031.45
3305,40.45,105.09,243.44,178.46,3032.21
3306,40.45,105.82,241.29,178.01,3030.55
3307,40.45,106.44,243.53,177.35,3033.49
3308,40.45,106.88,243.62,178.84,3032.42
3309,40.45,106.19,244.48,177.63,3031.9
3310,40.45,106.52,244.24,175.7,3032.1
3311,45.45,108.85,243.56,175.37,3028.15
3312,50.45,114.43,241.96,173.14,3017.75
3313,55.45,122.02,237.71,172.66,3001.46
3314,60.45,129.07,234.37,170.55,2986.68
3315,65.45,137.1,230.83,167.06,2965.23
3316,70.45,145.89,225.81,164.68,2949.2
3317,71.5,152.43,223.11,161.46,2935.6
3318,71.5,157.44,219.82,160.79,2923.65
3319,71.5,161.1,216.35,160.44,2918.1
3320,71.5,163.82,214.61,160.41,2911.24
3321,71.5,165.49,217.23,158.85,2909.26
3322,71.5,167.18,217.15,158.55,2907.14
3323,71.5,168.21,216.64,159.32,2902.28
3324,71.5,169.3,217.17,159.21,2903.73
3325,71.5,169.51,214.84,158.52,2900.53
3326,66.5,166.19,215.19,158.61,2905.38
3327,65.05,162.13,217.77,161.1,2913.02
3328,65.05,160.37,218.82,160.72,2917.32
3329,65.05,159.22,218.77,162.14,2917.19
3330,65.05,158.8,219.47,163.31,2920.75
3331,65.05,157.96,219.82,162.64,2920.27
3332,65.05,157.17,218.52,161.4,2922.41
3333,65.05,157.15,217.42,161.16,2924.85
3334,65.05,156.91,218.0,160.77,2924.35
3335,65.05,156.5,219.21,162.68,2923.59
3336,65.05,156.37,219.83,161.62,2926.74
3337,65.05,155.26,219.79,162.08,2926.17
3338,65.05,155.25,220.73,162.47,2926.77
3339,65.05,155.26,221.4,161.7,2928.26
3340,65.05,156.41,218.81,161.57,2924.35
3341,65.05,157.69,219.14,161.98,2925.01
3342,65.05,156.96,218.91,162.95,2927.45
3343,65.05,157.83,219.73,162.58,2926.72
3344,65.05,157.32,219.2,162.17,2925.16
3345,65.05,157.33,220.05,162.04,2928.99
3346,65.05,157.09,221.23,163.36,2930.94
3347,65.05,157.52,220.99,162.83,2927.06
3348,65.05,157.5,221.4,162.29,2929.03
3349,60.05,153.48,224.4,163.51,2934.51
3350,55.05,148.04,226.7,165.77,2945.0
3351,50.05,141.24,229.19,168.45,2957.69
3352,45.05,133.23,233.73,169.93,2975.89
3353,40.05,124.04,236.59,172.93,2991.31
3354,35.05,114.84,240.41,173.95,3008.92
3355,30.05,105.37,244.22,177.38,3031.46
3356,26.19,95.83,247.99,179.99,3052.06
3357,26.19,89.94,250.82,181.81,3064.79
3358,26.19,84.99,252.69,183.72,3071.94
3359,26.19,82.06,253.57,182.04,3077.41
3360,26.19,80.09,253.92,181.79,3079.43
3361,26.19,78.94,256.64,183.65,3079.91
3362,26.19,78.19,255.92,183.37,3082.02
3363,26.19,77.58,257.03,183.57,3084.26
3364,26.19,77.04,257.42,184.73,3083.41
3365,26.19,76.43,256.05,184.55,3084.94
3366,26.19,75.98,255.37,183.28,3082.27
3367,26.19,75.62,255.26,183.04,3087.24
3368,26.19,75.0,257.03,184.72,3084.17
3369,26.19,75.04,256.45,182.26,3083.03
3370,26.19,75.42,258.46,183.59,3085.77
3371,26.19,75.28,259.54,185.52,3085.87
3372,26.19,74.19,256.51,186.21,3087.02
3373,26.19,74.53,254.69,185.03,3087.33
3374,26.19,74.77,254.82,183.98,3086.56
3375,26.19,75.44,255.55,184.56,3085.8
3376,31.19,76.98,253.94,182.88,3081.46
3377,36.19,84.33,252.68,183.69,3072.57
3378,41.19,90.66,250.1,182.6,3062.56
3379,46.19,98.27,246.86,178.36,3047.24
3380,50.32,107.27,243.25,175.26,3030.39
3381,50.32,112.99,240.77,173.77,3017.53
3382,50.32,117.29,239.69,171.8,3006.85
3383,50.32,119.68,238.94,171.32,3000.11
3384,50.32,121.6,237.34,171.57,2997.35
3385,50.32,122.66,236.78,172.09,2993.61
3386,50.32,123.76,236.09,171.75,2990.82
3387,50.32,124.39,236.79,170.42,2987.52
3388,50.32,124.12,235.0,170.71,2985.05
3389,50.32,124.44,235.53,170.78,2985.37
3390,50.32,124.9,235.39,170.31,2985.94
3391,50.32,126.25,236.0,172.14,2985.77
3392,50.32,126.03,234.28,170.8,2990.44
3393,50.32,125.66,236.33,169.51,2987.81
3394,50.32,125.49,235.78,170.34,2988.97
3395,50.32,125.33,235.33,169.92,2987.05
3396,50.32,124.99,236.17,168.43,2990.77
3397,50.32,125.02,234.96,169.43,2993.12
3398,50.32,125.77,235.39,170.42,2988.35
3399,50.32,125.48,234.28,171.21,2987.68
3400,50.32,125.95,234.95,170.1,2986.81
3401,45.32,123.36,235.45,171.02,2992.1
3402,40.32,117.6,237.88,171.83,3001.75
3403,39.2,113.16,239.09,172.57,3009.95
3404,39.2,109.87,241.72,174.95,3016.12
3405,39.2,108.68,241.62,176.28,3020.44
3406,39.2,106.34,241.8,176.29,3026.08
3407,39.2,105.47,241.73,175.56,3027.02
3408,39.2,104.47,242.42,175.07,3030.06
3409,39.2,104.96,242.6,175.15,3032.77
3410,39.2,103.89,243.91,174.97,3037.2
3411,39.2,103.59,243.53,174.95,3035.62
3412,39.2,103.9,242.62,174.88,3034.41
3413,39.2,103.42,242.98,174.16,3033.89
3414,39.2,103.04,242.87,175.41,3036.17
3415,39.2,102.79,243.65,174.0,3035.08
3416,39.2,103.15,243.55,174.15,3039.72
3417,39.2,103.81,244.37,175.76,3033.95
3418,39.2,102.97,244.0,175.79,3033.39
3419,39.2,101.5,244.6,176.43,3037.18
3420,39.2,101.36,243.77,174.3,3036.04
3421,39.2,102.1,243.44,176.67,3035.32
3422,39.2,102.24,242.46,176.84,3031.37
3423,39.2,102.61,243.86,177.82,3030.52
3424,39.2,102.61,244.68,177.77,3030.24
3425,39.2,101.33,245.04,177.26,3030.64
3426,39.2,102.01,244.9,175.97,3028.19
3427,39.2,101.54,247.24,176.7,3030.71
3428,43.35,104.3,245.11,176.82,3025.89
3429,43.35,106.61,243.53,177.52,3024.99
3430,43.35,108.56,242.18,177.31,3022.24
3431,43.35,109.36,243.46,175.48,3021.35
3432,43.35,110.08,243.23,174.67,3024.5
3433,48.35,112.87,242.67,174.54,3020.03
3434,53.35,117.83,238.59,173.77,3003.04
3435,58.35,124.44,234.77,171.29,2991.79
3436,63.35,132.93,230.63,168.75,2975.37
3437,68.35,142.33,226.81,164.26,2954.8
3438,73.35,152.55,223.15,161.52,2938.17
3439,74.32,159.05,219.91,159.79,2922.19
3440,69.32,161.06,219.03,158.26,2918.55
3441,64.32,158.6,220.12,160.3,2921.38
3442,59.32,153.81,221.94,160.87,2931.41
3443,54.32,147.81,226.4,163.76,2943.23
3444,49.32,140.9,228.77,165.78,2957.39
3445,44.32,132.94,233.6,168.71,2976.17
3446,39.32,124.29,237.46,170.11,2997.17
3447,39.16,118.58,239.41,171.73,3009.91
3448,39.16,113.95,240.81,172.16,3018.21
3449,39.16,110.71,242.72,173.74,3022.86
3450,39.16,108.66,243.4,174.2,3026.3
3451,39.16,105.86,243.62,175.44,3029.75
3452,39.16,105.53,243.7,176.15,3033.07
3453,39.16,105.72,244.16,175.42,3035.51
3454,39.16,105.6,244.02,176.42,3037.97
3455,39.16,105.1,244.37,175.89,3037.08
3456,39.16,104.47,245.39,176.34,3035.85
3457,39.16,104.08,246.06,176.69,3034.09
3458,39.16,103.43,246.62,175.53,3030.33
3459,39.16,103.83,246.57,176.31,3029.74
3460,39.16,103.72,246.3,175.1,3034.33
3461,39.16,103.35,245.44,175.22,3030.66
3462,39.16,103.31,245.5,175.45,3034.68
3463,39.16,102.3,244.68,175.09,3034.38
3464,39.16,102.31,245.13,175.23,3032.97
3465,39.16,103.13,247.43,175.73,3032.22
3466,39.16,103.6,245.18,175.69,3031.82
3467,39.16,102.61,244.77,175.25,3032.96
3468,44.16,105.66,242.8,174.43,3026.97
3469,49.16,111.34,240.54,173.91,3018.11
3470,54.16,118.34,239.14,171.09,3003.49
3471,59.16,126.99,235.17,166.86,2987.5
3472,64.16,135.38,228.68,166.32,2968.98
3473,69.16,144.5,225.18,162.95,2949.01
3474,74.16,153.4,222.69,160.6,2929.82
3475,77.04,161.45,220.28,159.72,2916.18
3476,77.04,167.79,217.68,156.97,2903.77
3477,77.04,171.65,213.75,156.86,2894.18
3478,77.04,175.28,213.71,156.38,2890.09
3479,77.04,176.92,214.65,155.63,2886.6
3480,77.04,178.05,212.53,155.46,2883.99
3481,77.04,178.78,210.53,153.94,2884.12
3482,77.04,179.37,210.23,155.05,2879.57
3483,77.04,179.73,209.59,155.96,2882.62
3484,77.04,180.72,210.7,154.84,2884.66
3485,77.04,181.17,211.54,154.44,2881.66
3486,77.04,182.18,211.82,155.4,2880.61
3487,72.04,178.49,212.24,155.9,2884.41
3488,67.04,172.62,215.67,156.63,2894.9
3489,62.04,166.07,217.63,159.63,2906.03
3490,57.91,158.86,220.95,161.28,2918.66
3491,57.91,154.12,223.77,161.93,2931.51
3492,57.91,150.56,223.73,162.24,2941.37
3493,57.91,148.03,224.41,162.46,2944.96
3494,57.91,145.88,224.6,161.9,2950.78
3495,57.91,145.08,224.31,163.02,2950.78
3496,57.91,143.91,225.04,163.35,2956.58
3497,57.91,143.0,225.08,163.31,2958.73
3498,57.91,141.76,225.16,165.05,2958.63
3499,57.91,141.81,228.11,165.31,2956.66
3500,57.91,141.61,226.9,166.3,2957.84
3501,57.91,142.17,228.41,165.65,2955.63
3502,57.91,141.98,227.38,165.66,2958.24
3503,52.91,138.63,229.03,166.37,2965.71
3504,47.91,132.89,229.19,168.21,2977.6
3505,42.91,126.28,232.21,169.11,2991.24
3506,37.91,118.35,236.18,173.01,3004.21
3507,37.59,113.42,239.21,172.87,3015.22
3508,37.59,109.56,240.93,173.07,3022.96
3509,37.59,105.94,242.99,175.0,3026.59
3510,37.59,103.49,244.7,175.05,3029.08
3511,37.59,101.54,245.49,176.01,3031.62
3512,37.59,100.76,247.22,175.66,3030.87
3513,37.59,100.44,246.8,175.63,3035.54
3514,37.59,100.41,244.4,175.65,3042.15
3515,37.59,100.26,245.61,177.13,3042.17
3516,42.59,103.42,245.14,176.75,3035.21
3517,47.59,108.46,242.16,175.17,3022.34
3518,52.59,114.66,239.03,172.4,3008.36
3519,57.59,122.46,236.17,171.07,2992.36
3520,60.35,130.41,233.97,169.29,2978.92
3521,60.35,135.47,232.67,168.62,2971.87
3522,60.35,138.87,231.13,168.24,2963.02
3523,60.35,141.07,229.51,167.63,2959.9
3524,60.35,142.66,226.85,166.67,2954.05
3525,60.35,143.14,225.24,166.07,2954.52
3526,60.35,144.24,225.58,166.33,2949.03
3527,60.35,145.25,225.6,166.02,2947.31
3528,60.35,145.28,225.77,166.67,2948.8
3529,60.35,145.47,224.4,164.46,2950.75
3530,60.35,145.37,224.46,165.32,2946.25
3531,60.35,146.53,224.57,163.94,2945.84
3532,60.35,146.23,225.35,163.38,2942.22
3533,60.35,146.27,224.09,163.66,2941.14
3534,60.35,146.17,224.75,163.53,2943.26
3535,60.35,146.68,223.87,163.56,2937.58
3536,60.35,146.82,224.12,162.84,2940.89
3537,60.35,147.38,224.11,162.37,2942.91
3538,60.35,146.52,223.92,163.77,2944.12
3539,65.35,148.8,221.3,163.01,2940.27
3540,67.49,151.87,221.14,163.02,2936.92
3541,67.49,155.0,221.08,160.26,2935.0
3542,67.49,156.73,219.6,159.83,2932.48
3543,67.49,159.34,219.62,160.53,2927.78
3544,67.49,159.54,220.99,159.72,2927.47
3545,67.49,160.85,221.08,161.12,2928.65
3546,67.49,161.03,219.73,159.14,2929.5
3547,67.49,161.02,220.72,158.66,2928.68
3548,67.49,160.89,219.09,158.75,2923.97
3549,67.49,161.44,219.09,159.47,2921.16
3550,67.49,161.2,218.55,161.12,2920.22
3551,67.49,160.37,218.24,160.71,2922.8
3552,67.49,161.29,217.63,162.28,2920.85
3553,67.49,162.05,216.96,159.53,2916.74
3554,67.49,160.33,219.76,159.69,2914.82
3555,67.49,160.98,219.8,160.13,2917.75
3556,67.49,161.06,218.75,160.61,2918.99
3557,67.49,161.32,221.08,159.93,2916.45
3558,67.49,161.65,219.86,160.2,2914.8
3559,67.49,161.48,221.57,159.66,2913.72
3560,67.49,162.14,219.82,159.06,2915.72
3561,67.49,162.49,220.87,158.6,2917.15
3562,67.49,162.03,219.78,159.83,2915.86
3563,62.49,158.93,221.13,159.78,2924.29
3564,57.49,153.75,221.28,161.72,2933.02
3565,52.49,147.25,223.28,163.47,2947.69
3566,47.49,139.02,228.23,164.66,2966.84
3567,42.49,130.35,233.65,168.31,2983.22
3568,37.49,120.22,236.87,172.34,3003.78
3569,32.49,110.32,238.22,174.62,3021.13
3570,27.49,100.42,243.86,177.99,3042.13
3571,25.47,92.56,246.02,179.73,3062.0
3572,25.47,87.03,249.7,181.52,3072.14
3573,25.47,81.78,251.68,182.45,3080.96
3574,25.47,79.32,251.65,183.47,3082.97
3575,25.47,76.96,252.44,184.28,3088.5
3576,25.47,76.16,254.46,184.79,3090.06
3577,25.47,75.71,252.83,184.86,3088.86
3578,25.47,75.63,253.96,184.84,3087.09
3579,25.47,75.49,255.52,185.25,3087.24
3580,23.45,73.23,256.75,184.9,3092.39
3581,23.45,70.96,256.91,186.64,3096.0
3582,23.45,70.53,259.49,184.56,3096.02
3583,23.45,69.95,260.17,185.67,3095.93
3584,23.45,70.24,259.38,186.72,3095.53
3585,23.45,69.88,258.74,187.33,3096.28
3586,23.45,69.67,259.3,187.34,3099.62
3587,23.45,69.65,258.76,186.64,3100.23
3588,23.45,69.66,258.65,186.44,3097.58
3589,23.45,69.87,258.9,187.09,3098.75
3590,23.45,68.81,258.54,186.58,3101.06
3591,23.45,67.91,258.69,186.8,3099.87
3592,23.45,68.35,258.12,185.95,3099.54
3593,23.45,68.27,259.04,185.36,3098.32
3594,23.45,69.45,259.95,184.04,3097.74
3595,23.45,69.51,259.96,183.41,3101.19
3596,23.45,69.84,260.12,185.25,3102.18
3597,23.45,69.89,261.31,186.34,3100.29
3598,28.45,73.17,258.57,185.72,3095.31
3599,33.45,77.6,255.84,184.19,3083.69
3600,38.45,84.7,253.51,181.99,3070.58
3601,43.45,93.36,250.2,179.73,3052.74
3602,46.49,100.98,246.92,178.47,3038.43
3603,46.49,105.07,242.59,177.15,3027.18
3604,46.49,109.05,241.37,175.5,3020.26
3605,46.49,111.2,240.39,174.02,3014.85
3606,46.49,112.96,239.5,174.18,3011.56
3607,46.49,114.88,240.63,174.24,3010.58
3608,46.49,115.87,240.76,173.67,3010.8
3609,46.49,116.7,239.62,173.92,3009.16
3610,46.49,116.93,238.7,173.51,3009.83
3611,46.49,117.58,238.89,173.57,3010.84
3612,46.49,117.52,237.56,174.17,3007.95
3613,46.49,117.21,235.94,174.01,3003.74
3614,46.49,116.96,237.19,174.01,3002.74
3615,46.49,117.1,236.61,173.0,3003.87
3616,46.49,117.01,236.83,171.56,3006.39
3617,46.49,117.45,238.02,172.76,3004.25
3618,46.49,117.33,236.17,175.07,3004.09
3619,46.49,117.94,235.53,174.98,3008.0
3620,46.49,117.82,235.3,174.01,3002.57
3621,46.49,117.74,236.98,173.41,3002.65
3622,46.49,117.97,237.94,171.69,3003.45
3623,46.49,119.09,236.67,171.75,3007.72
3624,46.49,119.2,236.6,172.02,3006.82
3625,41.49,115.21,238.34,172.72,3012.72
3626,41.05,112.14,238.48,173.48,3020.61
3627,41.05,110.4,239.52,174.65,3022.38
3628,41.05,110.08,240.57,175.43,3022.43
3629,41.05,109.17,241.59,175.36,3022.97
3630,41.05,107.97,242.31,175.87,3024.09
3631,41.05,107.58,242.5,175.8,3024.73
3632,36.05,104.03,246.71,176.82,3033.18
3633,31.05,98.61,248.05,179.22,3043.51
3634,28.58,93.56,249.58,179.54,3055.18
3635,28.58,88.94,251.53,179.58,3061.98
3636,28.58,85.55,255.18,179.24,3067.39
3637,28.58,84.46,255.94,181.0,3070.53
3638,28.58,83.8,256.36,181.73,3073.84
3639,28.58,82.52,254.82,183.05,3078.3
3640,28.58,81.32,254.51,182.88,3078.74
3641,28.58,80.96,255.39,182.27,3077.41
3642,28.58,81.3,254.59,181.44,3077.21
3643,28.58,80.75,256.05,182.6,3080.33
3644,28.58,80.94,256.47,182.13,3079.82
3645,28.58,80.17,255.6,182.89,3080.14
3646,28.58,80.78,254.06,183.28,3077.59
3647,28.58,80.6,254.87,182.98,3079.4
3648,28.58,79.94,253.03,183.39,3083.06
3649,28.58,79.47,254.62,183.26,3079.46
3650,28.58,79.07,254.54,182.82,3076.99
3651,28.58,78.5,253.61,182.98,3077.87
3652,28.58,78.71,254.01,183.77,3079.29
3653,28.58,79.04,255.02,182.73,3079.04
3654,28.58,79.23,253.56,182.43,3075.17
3655,28.58,80.42,252.84,183.83,3076.68
3656,33.58,83.73,251.43,182.8,3072.67
3657,38.58,89.25,250.36,180.72,3061.3
3658,43.58,95.13,248.01,179.53,3051.23
3659,48.58,103.35,243.72,175.57,3036.73
3660,53.58,111.2,239.8,173.07,3018.06
3661,57.09,119.83,236.58,168.94,3000.74
3662,57.09,124.73,234.92,167.54,2984.26
3663,52.09,125.73,233.81,168.85,2983.74
3664,47.09,123.85,236.13,169.64,2990.79
3665,42.09,119.55,236.64,172.35,2997.68
3666,37.09,113.52,238.12,174.45,3015.36
3667,32.09,105.57,241.76,176.83,3029.66
3668,27.09,97.88,246.11,178.65,3045.54
3669,25.05,89.83,248.89,180.26,3059.34
3670,25.05,84.33,253.56,180.85,3070.28
3671,25.05,81.11,255.36,182.04,3077.15
3672,25.05,78.78,256.25,182.71,3079.33
3673,25.05,76.69,255.47,182.86,3084.04
3674,25.05,75.64,257.85,183.06,3088.82
3675,25.05,74.88,259.03,184.1,3088.6
3676,25.05,73.33,258.87,183.94,3088.5
3677,25.05,72.48,258.61,185.45,3089.57
3678,25.05,72.81,258.16,184.28,3092.61
3679,25.05,72.2,257.97,184.21,3095.06
3680,25.05,71.79,258.21,183.77,3093.96
3681,25.05,70.21,260.07,184.57,3092.68
3682,25.05,70.37,258.79,185.26,3089.53
3683,25.05,70.97,260.16,184.27,3091.27
3684,25.05,72.56,259.98,184.58,3093.35
3685,24.37,71.94,260.71,184.5,3090.72
3686,24.37,71.51,258.95,184.54,3092.29
3687,24.37,72.01,259.38,185.0,3093.89
3688,24.37,71.23,256.81,185.21,3096.61
3689,24.37,71.15,256.65,185.63,3096.76
3690,24.37,72.0,258.31,186.32,3098.55
3691,24.37,71.11,258.9,186.34,3099.5
3692,24.37,71.37,259.11,188.21,3098.79
3693,24.37,71.78,258.32,188.0,3100.33
3694,24.37,71.78,259.92,186.5,3098.56
3695,24.37,71.7,260.24,186.31,3100.86
3696,24.37,71.21,258.45,186.28,3099.75
3697,24.37,71.47,258.31,185.74,3098.97
3698,24.37,71.39,257.93,185.47,3097.77
3699,24.37,71.75,258.17,187.25,3098.06
3700,24.37,71.3,260.81,187.02,3099.92
3701,24.37,71.56,260.61,186.96,3097.04
3702,24.37,71.63,258.52,186.34,3095.78
3703,24.37,71.67,258.72,186.44,3096.92
3704,24.37,71.21,258.27,186.86,3099.28
3705,24.37,70.63,256.68,185.83,3100.88
3706,24.37,71.4,256.17,185.94,3103.59
3707,24.37,71.54,258.16,186.57,3099.99
3708,24.37,71.33,258.17,186.3,3101.12
3709,24.37,71.49,255.2,184.97,3095.71
3710,29.37,74.63,254.95,184.42,3088.08
3711,34.37,80.23,253.91,181.91,3075.42
3712,39.37,86.96,252.9,181.61,3064.32
3713,44.37,94.46,249.94,178.78,3047.59
3714,49.37,102.15,245.73,175.75,3031.3
3715,54.37,110.6,241.5,171.3,3015.59
3716,59.37,121.08,236.74,169.67,2994.15
3717,54.37,125.05,235.84,166.51,2986.51
3718,49.37,124.62,235.56,168.84,2986.11
3719,44.37,120.87,235.0,171.41,2993.88
3720,39.37,115.19,237.82,173.41,3006.81
3721,34.37,109.61,241.65,174.83,3020.35
3722,29.37,101.03,243.72,177.13,3038.81
3723,25.09,92.22,247.02,180.68,3052.7
3724,25.09,85.33,248.99,180.73,3066.05
3725,25.09,81.36,251.3,182.92,3073.24
3726,25.09,79.14,254.65,183.16,3081.13
3727,25.09,77.09,256.4,182.44,3081.88
3728,25.09,75.57,255.82,182.78,3085.27
3729,25.09,75.07,255.89,182.77,3087.37
3730,25.09,73.97,255.42,182.13,3089.68
3731,25.09,73.3,256.98,181.82,3090.08
3732,25.09,74.02,256.17,182.57,3089.01
3733,25.09,72.95,258.09,183.42,3090.96
3734,25.09,72.02,258.25,184.8,3094.36
3735,25.09,72.56,256.87,185.1,3095.77
3736,25.09,71.7,255.91,185.76,3097.18
3737,25.09,71.22,257.16,185.59,3097.97
3738,25.09,71.35,257.88,186.07,3096.27
3739,25.09,71.76,257.1,187.06,3095.53
3740,25.09,71.58,256.48,186.52,3096.76
3741,25.09,71.24,258.61,186.3,3097.05
3742,25.09,71.63,258.27,185.77,3098.36
3743,25.09,71.94,258.78,185.18,3097.63
3744,25.09,71.76,259.59,184.44,3096.08
3745,25.09,71.88,258.58,185.17,3095.01
3746,30.09,75.97,256.07,184.34,3087.04
3747,35.09,81.5,253.76,182.6,3079.09
3748,40.09,87.98,251.39,179.99,3065.08
3749,42.46,93.73,247.85,178.28,3055.69
3750,42.46,98.41,247.69,177.33,3044.71
3751,42.46,102.41,246.35,175.98,3038.74
3752,42.46,104.29,243.0,176.29,3035.82
3753,42.46,106.67,243.06,175.56,3033.25
3754,42.46,107.84,244.31,175.22,3029.45
3755,42.46,107.88,244.09,173.77,3028.67
3756,42.46,108.55,243.99,174.11,3029.64
3757,42.46,109.17,242.72,173.76,3025.49
3758,42.46,109.44,241.44,174.86,3027.0
3759,42.46,108.92,241.36,174.77,3027.17
3760,47.46,112.94,238.45,173.54,3018.69
3761,52.46,117.41,236.27,172.38,3006.43
3762,57.46,123.61,236.75,170.54,2992.33
3763,62.46,131.33,233.12,168.0,2972.16
3764,67.46,139.89,229.77,167.01,2956.25
3765,68.77,147.8,226.11,164.46,2944.91
3766,68.77,153.61,225.01,161.89,2934.66
3767,68.77,156.99,222.68,161.26,2929.25
3768,68.77,159.72,223.0,160.24,2921.1
3769,68.77,161.31,223.41,159.41,2919.5
3770,68.77,162.59,222.01,159.21,2915.15
3771,68.77,161.99,219.73,158.76,2916.15
3772,68.77,162.67,218.72,158.04,2915.97
3773,68.77,163.87,219.6,158.73,2911.58
3774,68.77,163.86,221.1,159.63,2908.39
3775,68.77,164.0,220.57,158.76,2904.6
3776,68.77,164.17,219.04,158.12,2905.87
3777,68.77,164.18,218.75,157.6,2907.02
3778,68.77,163.37,218.87,155.66,2907.69
3779,68.77,164.14,217.58,157.16,2911.04
3780,68.77,162.57,217.59,155.33,2910.85
3781,68.77,163.12,215.26,157.89,2911.52
3782,68.77,163.08,217.58,156.71,2908.96
3783,68.77,162.33,219.54,157.58,2910.94
3784,68.77,163.11,219.69,157.99,2911.55
3785,68.77,163.55,218.6,158.18,2911.99
3786,68.77,163.87,216.98,157.27,2913.91
3787,68.77,163.88,217.9,156.84,2910.14
3788,73.77,166.77,216.39,155.98,2906.74
3789,78.77,172.45,216.06,155.33,2890.64
3790,79.16,177.11,212.36,154.67,2882.16
3791,79.16,180.92,212.72,153.42,2877.52
3792,79.16,182.64,212.39,153.17,2872.47
3793,79.16,183.36,211.3,153.96,2871.84
3794,79.16,183.84,211.18,153.21,2872.33
3795,79.16,185.82,210.1,153.64,2869.4
3796,79.16,185.89,209.72,153.15,2873.76
3797,79.16,185.84,210.02,151.41,2872.76
3798,79.16,186.53,209.11,149.73,2871.11
3799,79.16,186.45,209.73,152.17,2869.28
3800,79.16,185.96,208.27,152.43,2869.71
3801,79.16,185.77,209.2,152.82,2869.14
3802,79.16,185.46,208.58,150.78,2869.13
3803,79.16,185.7,208.82,151.7,2869.42
3804,79.16,185.81,208.85,150.82,2867.69
3805,79.16,185.96,208.09,152.01,2866.32
3806,79.16,186.15,208.4,152.76,2868.48
3807,79.16,186.52,206.4,153.64,2871.25
3808,79.16,186.2,207.35,152.58,2866.24
3809,79.16,185.84,207.23,152.28,2864.71
3810,79.16,185.59,207.68,151.73,2866.64
3811,74.16,182.98,211.73,153.76,2873.69
3812,69.16,177.34,213.83,155.45,2883.42
3813,64.16,170.95,214.96,157.07,2898.66
3814,59.16,162.79,218.29,159.19,2912.85
3815,54.16,154.66,221.16,161.94,2931.58
3816,49.16,144.76,225.61,163.78,2952.95
3817,44.16,134.58,229.35,165.72,2968.71
3818,49.16,131.98,231.82,167.27,2974.84
3819,54.16,132.96,230.82,167.97,2972.4
3820,59.16,136.02,230.36,167.62,2967.33
3821,64.16,141.11,227.48,165.91,2954.59
3822,66.63,147.44,222.85,163.52,2943.24
3823,66.63,149.76,220.61,162.97,2936.38
3824,66.63,153.6,221.98,162.43,2932.14
3825,66.63,155.53,218.74,160.6,2928.75
3826,66.63,157.15,219.42,159.71,2928.05
3827,66.63,158.72,220.54,160.6,2924.56
3828,66.63,159.62,220.53,160.83,2923.97
3829,66.63,159.65,219.52,160.52,2924.8
3830,66.63,159.51,220.57,160.96,2922.81
3831,66.63,160.33,220.05,161.89,2922.88
3832,66.63,160.2,219.16,161.26,2921.66
3833,66.63,159.49,219.2,160.24,2922.38
3834,66.63,160.27,218.23,161.55,2921.46
3835,66.63,159.68,219.53,160.73,2920.9
3836,61.63,156.4,220.21,162.0,2926.41
3837,56.63,150.44,223.41,162.24,2934.83
3838,51.63,144.43,225.25,162.42,2950.57
3839,46.63,136.32,228.87,165.05,2967.11
3840,45.45,129.69,233.41,166.17,2980.6
3841,45.45,125.74,234.36,167.32,2991.18
3842,45.45,122.16,235.17,169.65,2996.62
3843,45.45,119.25,238.09,170.15,2999.56
3844,45.45,118.24,239.02,172.49,2999.1
3845,45.45,117.81,239.78,172.45,3003.67
3846,45.45,117.57,238.19,173.94,3002.18
3847,45.45,116.37,238.2,175.11,3003.64
3848,45.45,116.08,239.9,174.16,3002.92
3849,45.45,115.68,241.03,173.79,3008.63
3850,45.45,115.98,239.8,173.51,3007.07
3851,45.45,115.49,244.07,174.09,3009.4
3852,45.45,115.17,244.15,174.56,3013.07
3853,45.45,116.17,241.15,173.12,3009.87
3854,45.45,115.48,240.86,172.55,3013.78
3855,45.45,116.42,240.32,174.17,3015.35
3856,45.45,115.91,237.94,173.56,3012.19
3857,45.45,115.87,238.38,173.36,3012.31
3858,45.45,115.14,239.0,172.82,3011.74
3859,45.45,115.71,237.81,172.57,3010.71
3860,45.45,115.38,239.09,172.04,3009.12
3861,45.45,115.05,240.18,171.85,3010.03
3862,45.45,116.15,239.78,173.0,3013.09
3863,40.45,113.31,240.91,174.34,3015.62
3864,35.45,107.26,242.46,177.45,3024.64
3865,30.45,99.85,244.45,179.18,3039.16
3866,26.67,93.24,248.59,179.52,3052.19
3867,26.67,88.76,250.61,181.81,3062.63
3868,26.67,84.45,251.92,181.69,3069.1
3869,26.67,82.02,253.65,181.11,3074.73
3870,26.67,79.92,253.71,182.08,3077.6
3871,26.67,79.44,255.58,183.6,3079.73
3872,26.67,77.93,255.79,183.6,3080.98
3873,26.67,76.77,255.81,183.4,3084.46
3874,26.67,76.87,256.97,182.57,3086.32
3875,26.67,76.25,255.45,182.65,3088.95
3876,26.67,75.99,257.18,183.5,3087.87
3877,26.67,76.58,257.27,182.9,3091.62
3878,26.67,76.54,256.91,182.55,3092.89
3879,26.67,76.64,257.26,182.57,3093.08
3880,21.67,73.76,257.56,182.77,3099.01
3881,20.68,69.87,258.86,183.86,3105.69
3882,20.68,67.74,260.73,184.57,3109.92
3883,20.68,67.48,259.86,185.71,3116.39
3884,20.68,66.3,260.38,186.9,3115.49
3885,20.68,64.58,261.81,185.51,3113.95
3886,20.68,64.84,261.33,185.58,3115.47
3887,20.68,63.99,260.12,186.4,3114.4
3888,20.68,63.2,261.14,187.13,3113.3
3889,20.68,63.13,261.68,188.22,3112.69
3890,20.68,63.54,262.16,188.74,3112.9
3891,20.68,63.05,261.47,188.67,3116.61
3892,20.68,62.92,262.25,188.08,3115.79
3893,20.68,63.83,262.75,186.94,3113.85
3894,20.68,64.34,262.49,186.22,3112.0
3895,20.68,64.42,263.15,186.64,3117.29
3896,23.38,66.23,261.65,185.79,3110.7
3897,23.38,67.26,260.35,187.18,3110.96
3898,23.38,68.13,258.76,186.28,3110.73
3899,23.38,68.14,259.94,186.57,3108.16
3900,23.38,68.07,259.55,186.54,3108.32
3901,23.38,67.94,259.11,186.41,3107.69
3902,23.38,67.83,257.75,186.82,3102.89
3903,27.05,71.17,256.96,184.66,3096.98
3904,27.05,73.05,256.04,184.41,3095.28
3905,27.05,74.07,254.99,183.98,3095.44
3906,27.05,75.74,253.17,184.79,3093.22
3907,27.05,76.52,253.36,183.07,3092.34
3908,27.05,76.14,252.66,182.22,3091.76
3909,27.05,76.41,254.34,183.22,3089.3
3910,27.05,76.49,254.22,183.22,3086.49
3911,27.05,76.78,255.73,182.73,3089.02
3912,27.05,76.85,255.95,181.68,3084.62
3913,27.05,76.91,256.65,181.77,3088.49
3914,27.05,77.25,255.44,182.4,3092.81
3915,27.05,76.49,256.03,182.55,3092.3
3916,27.05,77.22,255.53,183.81,3094.96
3917,27.05,77.13,256.35,183.33,3092.43
3918,27.05,76.95,256.94,184.42,3090.4
3919,27.05,77.67,258.08,184.9,3088.16
3920,27.05,77.11,256.54,185.32,3085.2
3921,27.05,77.36,255.2,185.52,3085.59
3922,27.05,77.86,256.47,186.14,3088.75
3923,27.05,77.61,255.07,184.59,3083.87
3924,32.05,79.98,253.96,182.99,3077.96
3925,37.05,85.58,251.47,180.53,3067.78
3926,42.05,91.95,248.4,179.88,3053.92
3927,47.05,100.89,246.61,176.98,3036.24
3928,52.05,109.39,243.73,174.12,3021.6
3929,57.05,119.12,238.43,171.08,3004.66
3930,62.05,128.55,233.46,168.3,2984.93
3931,64.76,136.0,230.7,165.77,2962.29
3932,64.76,141.99,227.26,165.73,2950.83
3933,64.76,145.65,226.11,163.83,2942.42
3934,64.76,149.01,223.75,161.86,2941.54
3935,64.76,151.4,222.87,161.64,2938.49
3936,64.76,153.26,221.77,161.78,2934.33
3937,64.76,153.99,221.91,161.59,2933.9
3938,64.76,154.84,220.35,160.37,2931.39
3939,64.76,156.1,219.9,160.43,2929.3
3940,64.76,155.79,220.63,161.77,2929.82
3941,64.76,155.45,223.71,161.64,2928.12
3942,64.76,156.32,222.64,162.82,2926.34
3943,69.76,160.09,221.21,162.45,2924.34
3944,74.76,164.6,219.94,159.13,2910.74
3945,77.73,169.79,217.47,157.43,2899.25
3946,77.73,173.89,215.84,156.74,2893.72
3947,77.73,177.61,214.08,155.31,2888.89
3948,77.73,178.72,212.19,155.53,2884.04
3949,77.73,179.47,210.05,154.92,2883.17
3950,77.73,181.16,210.16,156.06,2880.07
3951,77.73,181.72,207.56,154.89,2879.81
3952,77.73,182.95,207.47,154.8,2880.02
3953,77.73,183.04,205.96,154.57,2879.6
3954,77.73,182.63,206.93,153.28,2872.64
3955,77.73,183.32,207.86,154.58,2874.62
3956,77.73,183.12,208.43,154.67,2876.23
3957,72.73,180.16,211.37,154.94,2879.73
3958,67.73,174.75,213.88,155.31,2887.79
3959,62.73,168.07,216.37,157.29,2901.7
3960,57.73,160.78,221.13,158.72,2917.38
3961,52.73,152.19,225.16,161.58,2933.45
3962,47.73,142.26,228.21,164.74,2956.68
3963,42.73,132.16,231.18,167.54,2977.9
3964,37.73,121.56,237.09,170.35,2995.52
3965,37.14,113.69,240.64,172.42,3010.41
3966,37.14,108.53,242.1,173.62,3020.28
3967,37.14,105.04,241.91,177.03,3024.67
3968,37.14,103.02,241.54,175.64,3030.67
3969,37.14,101.6,244.31,176.58,3034.37
3970,37.14,100.04,246.49,177.66,3034.76
3971,37.14,99.45,246.66,177.4,3039.08
3972,37.14,99.43,246.44,177.27,3043.55
3973,37.14,99.47,246.55,176.1,3044.38
3974,37.14,99.38,243.8,176.79,3043.43
3975,37.14,98.85,243.73,176.95,3046.38
3976,37.14,98.37,245.55,176.53,3047.19
3977,37.14,98.26,246.21,176.89,3047.51
3978,37.14,96.9,244.9,177.47,3042.37
3979,37.14,96.96,245.34,176.88,3041.48
3980,37.14,97.41,246.72,176.37,3041.08
3981,37.14,97.22,244.26,176.88,3043.83
3982,37.14,97.96,244.08,176.13,3043.92
3983,33.42,96.04,245.99,177.51,3050.93
3984,33.42,93.91,246.95,179.55,3053.15
3985,33.42,92.16,247.17,178.92,3055.82
3986,33.42,91.11,248.27,178.64,3052.72
3987,33.42,90.98,248.92,179.45,3053.45
3988,33.42,90.35,249.62,180.81,3055.34
3989,33.42,90.51,249.39,179.32,3058.57
3990,33.42,90.86,250.26,179.36,3060.09
3991,33.42,91.1,251.78,180.33,3060.08
3992,33.42,90.17,251.38,180.42,3061.37
3993,33.42,90.85,250.85,181.96,3057.34
3994,33.42,90.86,249.77,179.83,3057.63
3995,33.42,89.92,249.66,179.9,3060.47
3996,33.42,89.24,250.65,179.99,3062.29
3997,33.42,89.31,249.1,179.0,3058.91
3998,33.42,89.81,250.82,178.84,3060.39
3999,33.42,89.15,250.73,179.71,3057.28
4000,33.42,89.36,251.21,177.43,3060.66
4001,33.42,89.78,251.54,177.86,3056.91
4002,33.42,90.16,250.97,178.51,3059.91
4003,33.42,90.55,252.58,179.07,3058.45
4004,33.42,90.34,252.2,180.14,3055.88
4005,33.42,90.3,253.13,179.89,3058.87
4006,33.42,90.51,253.12,179.26,3057.5
4007,33.42,90.42,250.63,179.25,3058.65
4008,33.42,91.24,250.82,179.96,3061.28
4009,33.42,90.43,250.39,181.9,3060.63
4010,33.42,90.91,251.21,180.13,3060.96
4011,33.42,90.77,251.16,179.47,3058.33
4012,28.42,87.2,252.04,181.47,3068.67
4013,23.42,82.49,254.97,182.01,3077.74
4014,20.73,76.91,256.25,184.14,3089.74
4015,20.73,73.16,258.8,184.44,3098.57
4016,20.73,69.93,258.62,185.8,3105.31
4017,20.73,68.25,259.46,186.58,3107.87
4018,20.73,66.27,258.78,186.81,3109.55
4019,20.73,65.46,260.23,186.86,3111.69
4020,20.73,64.81,262.39,187.14,3116.75
4021,20.73,64.6,261.86,186.55,3112.72
4022,20.73,63.78,260.82,187.17,3111.73
4023,20.73,63.8,262.26,187.22,3116.25
4024,20.73,63.13,261.84,186.89,3117.13
4025,20.73,62.13,260.25,187.0,3118.98
4026,20.73,62.66,259.22,186.21,3120.51
4027,20.73,62.61,258.92,187.8,3120.26
4028,20.73,63.53,258.69,186.51,3118.33
4029,20.73,63.7,259.85,188.01,3113.24
4030,20.73,64.08,259.2,188.56,3112.2
4031,20.73,63.51,259.24,187.1,3112.5
4032,20.73,63.13,260.65,187.75,3116.01
4033,20.73,63.43,261.38,188.82,3113.83
4034,20.73,62.72,261.57,187.3,3118.47
4035,20.73,63.69,263.67,187.43,3117.91
4036,20.73,63.41,263.85,186.5,3111.33
4037,20.73,63.05,261.64,188.0,3115.45
4038,20.73,62.49,262.85,188.63,3111.55
4039,20.73,62.61,261.82,188.91,3109.51
4040,20.73,62.84,260.99,188.88,3110.11
4041,22.59,63.95,260.38,189.78,3107.78
4042,22.59,64.48,260.75,188.67,3104.15
4043,22.59,66.48,260.07,187.7,3104.76
4044,22.59,67.63,258.27,187.54,3109.05
4045,22.59,67.64,257.46,186.72,3108.28
4046,22.59,68.24,257.78,187.3,3104.46
4047,22.59,67.28,257.86,188.19,3104.8
4048,22.59,67.47,258.68,188.56,3103.68
4049,22.59,67.81,258.15,189.51,3102.51
4050,22.59,67.25,259.15,188.65,3103.95
4051,22.59,67.42,258.22,189.28,3106.09
4052,22.59,68.11,258.13,188.77,3106.19
4053,22.59,68.47,259.75,188.22,3102.84
4054,22.59,69.05,260.28,187.2,3104.34
4055,22.59,67.81,261.15,185.8,3104.13
4056,22.59,67.82,261.75,186.08,3105.7
4057,22.59,67.69,261.09,186.26,3105.15
4058,22.59,66.77,259.9,186.51,3104.64
4059,22.59,66.89,259.5,185.8,3103.8
4060,22.59,66.9,259.56,186.31,3103.84
4061,22.59,66.55,258.19,188.43,3101.96
4062,22.59,66.56,259.15,188.12,3103.95
4063,22.59,66.6,259.55,187.67,3103.68
4064,22.59,66.97,260.64,187.28,3104.08
4065,22.59,67.65,261.31,188.3,3100.88
4066,22.59,68.04,261.42,187.04,3102.66
4067,22.59,68.38,260.07,187.21,3105.14
4068,27.59,70.71,258.45,186.32,3097.24
4069,32.59,75.59,255.98,185.2,3088.29
4070,37.59,82.16,253.69,182.21,3071.22
4071,42.59,90.16,251.21,180.4,3056.19
4072,47.59,98.89,246.61,177.8,3037.23
4073,51.66,107.59,242.46,174.08,3019.29
4074,51.66,114.07,239.78,172.31,3006.59
4075,51.66,119.18,237.06,171.52,2998.54
4076,51.66,121.99,236.45,169.67,2993.87
4077,51.66,124.54,237.33,169.36,2990.7
4078,51.66,126.83,237.32,168.76,2987.16
4079,51.66,127.81,235.16,169.7,2986.58
4080,51.66,128.27,234.41,168.99,2988.44
4081,51.66,128.21,233.73,168.93,2987.2
4082,51.66,127.78,233.09,168.46,2987.64
4083,51.66,127.55,231.46,167.05,2983.31
4084,51.66,128.51,232.09,168.03,2984.3
4085,51.66,128.53,232.44,169.16,2984.2
4086,51.66,129.22,233.38,168.62,2982.85
4087,51.66,128.64,234.63,168.41,2981.31
4088,51.66,128.75,234.2,168.82,2985.6
4089,51.66,129.13,234.02,167.75,2983.83
4090,51.66,129.29,232.69,169.84,2983.61
4091,51.66,129.08,232.27,169.99,2981.12
4092,51.66,129.98,233.96,170.48,2978.91
4093,51.66,129.64,235.03,170.51,2978.14
4094,51.66,128.97,234.12,169.58,2982.66
4095,51.66,127.86,234.59,168.37,2980.84
4096,51.66,127.05,233.72,169.77,2982.03
4097,46.66,123.73,236.02,171.42,2988.83
4098,41.66,119.88,238.79,173.04,2998.08
4099,36.66,113.32,241.47,174.95,3011.09
4100,31.66,105.34,243.66,175.05,3029.87
4101,26.66,95.78,247.47,178.0,3047.97
4102,24.43,88.3,250.91,180.58,3064.27
4103,24.43,84.06,253.27,182.06,3072.39
4104,24.43,80.45,255.36,182.89,3080.99
4105,24.43,77.56,256.83,184.36,3087.71
4106,24.43,75.74,256.15,184.16,3091.81
4107,24.43,75.63,256.37,184.88,3092.37
4108,24.43,73.84,256.18,183.35,3096.59
4109,24.43,71.97,256.47,183.01,3095.07
4110,24.43,72.45,257.13,182.94,3094.59
4111,24.43,71.72,257.35,183.8,3099.22
4112,24.43,70.64,257.52,184.01,3100.57
4113,24.43,71.01,258.26,184.68,3097.76
4114,24.43,71.7,258.98,185.61,3100.18
4115,29.43,74.94,258.82,184.94,3092.61
4116,34.43,80.15,255.86,182.84,3084.71
4117,39.43,87.09,252.55,181.2,3075.58
4118,44.43,94.39,247.94,177.74,3056.46
4119,49.43,103.33,243.75,175.09,3037.53
4120,54.43,112.37,240.24,173.66,3019.04
4121,59.43,122.54,237.21,171.09,2998.13
4122,64.43,131.98,232.26,167.75,2978.98
4123,69.43,142.3,228.53,164.0,2960.67
4124,74.43,152.29,222.78,161.05,2943.66
4125,78.16,161.65,218.52,158.51,2921.78
4126,78.16,168.0,216.0,157.75,2907.4
4127,78.16,172.28,213.75,155.92,2896.81
4128,78.16,176.5,212.38,155.0,2892.84
4129,78.16,179.23,212.13,156.0,2887.49
4130,78.16,179.71,212.22,153.86,2883.67
4131,78.16,180.18,210.99,153.34,2878.55
4132,78.16,181.19,211.62,152.7,2877.59
4133,73.16,178.44,212.19,153.98,2880.14
4134,68.16,173.19,214.62,156.42,2890.06
4135,63.16,166.8,217.34,158.17,2903.95
4136,58.16,158.13,219.37,159.57,2919.79
4137,57.76,153.18,222.6,161.51,2928.47
4138,57.76,150.34,225.49,161.65,2937.81
4139,57.76,147.33,226.39,163.6,2947.94
4140,57.76,145.9,227.17,163.85,2951.14
4141,57.76,145.2,227.38,163.59,2949.78
4142,57.76,144.29,227.82,163.6,2954.11
4143,57.76,143.18,227.74,164.11,2954.4
4144,57.76,142.74,228.97,163.56,2956.27
4145,57.76,142.39,228.84,164.79,2956.71
4146,57.76,142.31,229.31,164.56,2957.51
4147,57.76,141.88,228.79,164.53,2958.42
4148,57.76,141.75,228.95,164.76,2954.9
4149,57.76,141.63,228.73,165.13,2954.46
4150,57.76,140.94,229.14,164.97,2955.68
4151,57.76,140.91,228.8,164.73,2954.26
4152,57.76,141.26,227.96,165.04,2956.02
4153,57.76,140.98,226.77,167.07,2955.38
4154,57.76,141.39,229.08,167.19,2955.38
4155,52.76,138.18,229.28,168.24,2963.42
4156,47.76,132.56,230.56,168.11,2976.18
4157,47.27,128.63,232.84,168.51,2980.84
4158,47.27,126.31,234.27,170.17,2986.25
4159,47.27,124.08,235.94,171.2,2992.41
4160,47.27,122.49,237.01,172.22,2994.91
4161,47.27,121.27,238.48,171.52,2998.13
4162,47.27,120.64,236.33,172.46,2993.61
4163,47.27,119.24,237.2,172.63,2994.69
4164,47.27,119.32,234.74,172.9,2997.22
4165,47.27,119.28,235.58,172.92,2998.43
4166,47.27,118.34,238.34,173.49,2996.77
4167,47.27,118.45,237.84,173.8,2993.86
4168,47.27,118.45,235.96,172.92,2995.19
4169,47.27,118.73,235.8,171.94,2998.31
4170,47.27,119.12,236.85,171.7,2998.11
4171,47.27,119.11,237.53,169.94,2999.9
4172,47.27,119.31,237.57,170.33,2995.24
4173,47.27,119.08,239.33,170.73,2996.49
4174,47.27,119.15,239.12,171.53,2997.52
4175,52.27,122.55,238.95,171.47,2997.08
4176,55.06,126.14,238.07,169.48,2989.29
4177,55.06,129.35,235.27,168.8,2984.95
4178,55.06,130.88,235.5,167.14,2983.97
4179,55.06,132.8,233.89,166.77,2978.39
4180,55.06,133.58,232.81,167.83,2979.44
4181,55.06,134.29,231.26,167.13,2975.87
4182,55.06,134.18,229.83,168.76,2974.34
4183,55.06,134.19,230.83,167.28,2970.47
4184,55.06,134.22,232.37,166.98,2965.07
4185,55.06,135.25,231.49,165.5,2965.54
4186,55.06,135.62,231.58,167.38,2964.8
4187,55.06,135.64,230.54,166.02,2967.76
4188,55.06,135.87,230.8,166.64,2966.68
4189,55.06,135.29,230.73,167.67,2970.52
4190,55.06,135.79,230.67,167.67,2970.01
4191,55.06,135.23,230.63,166.39,2969.39
4192,55.06,136.16,231.4,165.83,2969.05
4193,55.06,135.58,231.05,167.0,2970.27
4194,55.06,136.84,232.06,167.15,2971.17
4195,55.06,136.37,230.45,168.14,2972.46
4196,55.06,136.03,230.72,168.78,2973.04
4197,55.06,135.17,230.88,168.1,2973.98
4198,55.06,135.82,232.07,166.87,2970.84
4199,55.06,136.32,230.99,165.68,2971.28
4200,55.06,135.84,232.62,166.3,2970.84
4201,55.06,135.59,233.56,166.79,2969.4
4202,50.06,132.05,233.9,166.96,2977.56
4203,45.06,125.92,235.43,169.25,2988.2
4204,40.06,119.02,238.64,170.55,3001.22
4205,35.06,111.73,242.05,172.54,3019.08
4206,30.06,103.19,246.06,176.59,3037.72
4207,25.06,94.58,249.67,179.74,3055.25
4208,22.73,85.92,252.93,181.93,3071.21
4209,22.73,80.4,254.16,183.79,3078.58
4210,22.73,77.33,255.54,184.76,3087.49
4211,22.73,74.74,255.33,185.9,3093.21
4212,22.73,72.32,255.85,185.77,3094.02
4213,22.73,71.8,258.44,186.31,3096.73
4214,27.73,73.63,258.18,186.83,3091.63
4215,32.73,77.6,257.44,183.46,3080.89
4216,37.73,83.96,252.46,182.52,3070.8
4217,42.73,91.41,250.47,181.23,3055.5
4218,47.73,99.83,248.7,178.85,3039.23
4219,52.73,109.78,244.16,175.3,3021.18
4220,57.73,119.73,237.33,172.09,3004.86
4221,62.73,129.07,234.74,170.3,2984.23
4222,67.73,138.74,229.75,169.15,2967.38
4223,72.73,149.0,224.58,165.41,2946.02
4224,77.02,158.2,220.49,162.98,2921.56
4225,77.02,165.68,218.92,159.77,2911.43
4226,77.02,170.16,216.89,157.73,2900.34
4227,77.02,173.33,215.72,157.23,2893.06
4228,77.02,175.17,214.61,156.53,2887.65
4229,77.02,178.08,211.87,153.93,2882.85
4230,77.02,179.54,210.46,153.1,2882.84
4231,77.02,180.43,210.9,153.93,2880.09
4232,77.02,180.64,211.64,152.81,2874.73
4233,77.02,180.76,212.28,153.31,2876.97
4234,77.02,180.05,212.12,153.98,2874.13
4235,77.02,180.99,211.57,156.38,2870.48
4236,77.02,181.9,210.91,154.3,2871.23
4237,77.02,182.0,211.88,155.53,2875.66
4238,77.02,181.44,212.65,155.32,2874.6
4239,77.02,181.43,211.35,154.89,2873.71
4240,77.02,181.01,211.63,155.06,2874.17
4241,72.02,178.77,212.43,155.34,2882.49
4242,67.02,173.3,214.69,154.65,2893.32
4243,62.02,165.47,216.32,156.02,2905.09
4244,57.02,157.48,219.54,159.48,2922.16
4245,52.02,148.06,223.71,162.53,2939.3
4246,47.34,139.44,228.01,165.86,2954.71
4247,47.34,133.31,232.33,168.71,2970.35
4248,47.34,129.41,235.51,171.11,2979.34
4249,47.34,125.92,235.8,173.74,2982.75
4250,47.34,123.74,234.87,173.19,2985.87
4251,47.34,122.38,233.68,173.21,2992.91
4252,47.34,121.3,234.66,172.59,2995.75
4253,47.34,120.72,236.25,173.28,2995.75
4254,47.34,120.17,237.49,171.64,2993.44
4255,47.34,120.06,237.96,171.05,2994.6
4256,47.34,119.48,236.92,171.77,2994.21
4257,47.34,119.33,236.16,170.55,2998.04
4258,47.34,119.09,236.72,169.66,2997.5
4259,47.34,119.57,239.51,168.66,2998.2
4260,47.34,119.73,238.26,170.22,2997.36
4261,42.34,116.56,238.83,172.51,3003.45
4262,37.34,110.94,242.04,173.21,3015.5
4263,36.64,105.83,242.45,174.96,3022.7
4264,36.64,102.89,244.31,175.41,3031.37
4265,36.64,101.22,245.56,177.19,3036.43
4266,36.64,100.71,246.91,177.02,3041.91
4267,36.64,99.71,246.55,177.54,3045.4
4268,36.64,99.11,248.51,178.55,3046.65
4269,36.64,97.95,247.89,178.45,3047.88
4270,41.64,101.12,246.45,177.51,3042.49
4271,46.64,105.74,245.61,174.23,3033.88
4272,47.82,110.12,244.02,173.64,3024.15
4273,47.82,113.49,242.71,172.68,3018.72
4274,47.82,115.03,240.98,172.94,3014.84
4275,47.82,116.88,239.38,173.16,3008.79
4276,47.82,118.82,238.57,171.38,3003.51
4277,47.82,119.32,238.23,172.93,3000.12
4278,47.82,119.67,236.79,172.05,3003.2
4279,47.82,119.33,237.43,172.14,3001.94
4280,47.82,119.92,236.13,173.22,3004.95
4281,47.82,120.09,238.8,172.32,3004.01
4282,47.82,120.91,237.79,170.91,2999.33
4283,52.82,124.95,235.66,169.98,2990.75
4284,55.02,128.6,233.33,168.69,2984.8
4285,55.02,130.15,232.29,169.3,2980.89
4286,55.02,131.83,231.97,168.3,2981.29
4287,55.02,132.54,231.73,168.0,2979.6
4288,55.02,133.99,231.32,167.93,2977.05
4289,60.02,136.47,228.13,166.26,2967.19
4290,65.02,141.89,226.89,164.68,2954.68
4291,70.02,148.81,223.87,160.57,2939.72
4292,75.02,157.46,220.7,157.65,2923.73
4293,78.46,165.13,216.49,156.8,2911.78
4294,78.46,171.05,213.54,155.79,2901.26
4295,78.46,175.48,215.04,154.36,2892.52
4296,78.46,179.04,214.83,152.37,2885.89
4297,78.46,181.5,216.08,153.1,2880.53
4298,78.46,181.98,216.29,153.63,2875.81
4299,78.46,182.72,214.53,153.85,2872.4
4300,78.46,183.03,211.33,154.4,2871.13
4301,78.46,183.78,212.17,154.13,2870.7
4302,78.46,184.18,211.4,154.77,2871.25
4303,78.46,184.08,211.84,155.2,2868.33
4304,78.46,185.06,211.47,154.74,2870.98
4305,78.46,184.69,211.8,153.89,2867.87
4306,78.46,184.22,211.64,152.85,2871.87
4307,78.46,184.98,212.3,152.97,2871.96
4308,78.46,184.32,212.42,153.26,2872.64
4309,78.46,185.3,210.9,153.06,2872.64
4310,78.46,184.67,210.26,153.41,2871.33
4311,78.46,185.36,208.48,154.16,2872.39
4312,78.46,184.9,207.83,152.13,2870.22
4313,78.46,185.38,208.24,153.29,2869.05
4314,78.46,185.56,207.86,152.41,2869.26
4315,78.46,184.99,206.78,152.42,2869.83
4316,78.46,185.56,208.5,153.55,2871.46
4317,78.46,185.49,207.53,153.48,2872.35
4318,73.46,182.85,210.12,155.2,2876.02
4319,68.46,176.97,213.03,157.25,2886.66
4320,63.46,169.82,216.67,157.75,2903.91
4321,61.89,163.42,217.04,159.29,2918.15
4322,61.89,159.68,219.97,160.4,2924.42
4323,61.89,155.99,219.01,161.3,2931.74
4324,61.89,154.36,221.22,163.03,2934.89
4325,61.89,152.98,221.33,164.6,2937.5
4326,61.89,151.6,221.05,165.08,2936.19
4327,61.89,152.04,219.27,165.56,2938.33
4328,61.89,151.48,220.6,166.26,2940.26
4329,61.89,150.57,219.99,165.38,2940.2
4330,61.89,149.63,221.23,164.17,2940.18
4331,61.89,150.1,223.64,164.51,2938.7
4332,61.89,150.24,223.9,162.95,2939.91
4333,61.89,151.09,224.05,161.65,2940.01
4334,61.89,150.15,224.99,162.43,2939.69
4335,61.89,149.93,224.57,162.57,2938.26
4336,56.89,146.1,226.98,163.25,2945.43
4337,51.89,141.1,229.2,164.0,2953.07
4338,46.89,134.02,232.17,165.77,2967.36
4339,41.89,127.27,233.37,167.9,2988.16
4340,38.57,119.36,236.24,171.52,3003.22
4341,38.57,113.68,239.14,172.6,3011.62
4342,38.57,109.82,239.97,173.88,3020.24
4343,38.57,107.6,242.7,174.45,3026.57
4344,38.57,105.87,243.8,174.79,3027.94
4345,38.57,104.66,242.54,175.19,3025.85
4346,38.57,102.89,242.49,176.57,3030.87
4347,38.57,102.05,244.06,177.37,3032.69
4348,38.57,101.04,244.22,177.14,3031.82
4349,38.57,101.21,244.82,177.41,3034.23
4350,38.57,101.51,244.78,177.4,3034.56
4351,38.57,101.07,246.27,175.6,3037.35
4352,38.57,100.74,245.22,176.19,3034.56
4353,38.57,100.41,244.39,176.21,3033.99
4354,38.57,101.39,246.46,174.79,3036.28
4355,38.57,101.7,246.65,174.88,3036.31
4356,38.57,101.12,245.82,174.51,3036.58
4357,38.57,100.33,245.46,174.21,3037.42
4358,38.57,100.19,245.7,175.87,3040.77
4359,38.57,99.17,244.74,175.92,3040.86
4360,38.57,98.89,243.92,176.31,3040.17
4361,43.57,102.86,243.42,175.84,3033.61
4362,48.57,108.63,241.95,172.56,3025.41
4363,53.57,114.69,237.82,170.97,3011.63
4364,58.57,121.69,234.63,169.77,2996.33
4365,61.08,129.31,231.45,167.35,2979.68
4366,61.08,134.49,228.63,166.5,2969.08
4367,61.08,138.87,227.76,166.12,2963.14
4368,61.08,140.82,226.09,165.1,2957.19
4369,61.08,142.72,226.68,166.16,2953.44
4370,66.08,147.58,225.68,162.92,2944.2
4371,71.08,154.58,222.14,160.27,2931.0
4372,74.66,161.21,218.43,160.43,2916.68
4373,74.66,165.3,216.65,159.59,2907.64
4374,74.66,168.99,214.63,159.46,2902.41
4375,74.66,171.85,214.45,158.85,2895.87
4376,74.66,173.08,215.3,159.0,2890.75
4377,74.66,174.31,214.12,157.31,2890.03
4378,74.66,175.62,214.18,156.42,2889.98
4379,74.66,175.79,214.18,157.17,2884.77
4380,74.66,176.48,212.23,157.57,2884.0
4381,74.66,175.96,213.1,157.15,2882.73
4382,74.66,175.58,212.83,155.6,2881.72
4383,74.66,176.0,211.86,155.83,2886.12
4384,74.66,176.16,212.27,157.25,2883.84
4385,74.66,176.94,213.5,157.32,2887.21
4386,74.66,177.03,212.71,157.56,2889.25
4387,74.66,177.51,212.79,156.28,2888.79
4388,74.66,177.76,213.82,155.62,2888.72
4389,74.66,176.81,214.5,154.87,2889.61
4390,74.66,176.23,215.02,155.23,2887.1
4391,74.66,176.74,213.77,155.82,2886.35
4392,74.66,175.89,212.5,155.29,2889.12
4393,74.66,176.61,214.22,156.59,2887.25
4394,74.66,176.56,213.38,155.64,2883.32
4395,76.99,178.09,211.3,155.06,2885.55
4396,76.99,178.91,211.32,155.41,2883.44
4397,76.99,179.89,210.77,154.74,2879.49
4398,76.99,180.85,209.01,155.24,2875.83
4399,76.99,181.58,209.17,153.82,2877.23
4400,76.99,182.07,209.19,154.4,2872.49
4401,76.99,181.29,210.94,154.04,2870.01
4402,76.99,181.06,209.95,153.84,2871.26
4403,76.99,181.33,210.11,154.92,2873.73
4404,76.99,181.66,211.45,154.27,2872.08
4405,76.99,182.27,211.37,154.24,2872.19
4406,76.99,181.78,212.02,154.9,2875.09
4407,76.99,182.15,212.19,154.68,2875.21
4408,76.99,182.61,211.38,154.71,2874.03
4409,76.99,182.0,210.94,153.8,2876.41
4410,76.99,181.23,210.97,153.91,2872.86
4411,76.99,181.14,211.15,154.22,2873.59
4412,76.99,181.64,210.91,154.11,2875.01
4413,76.99,182.11,210.17,153.63,2874.17
4414,76.99,181.82,211.76,154.14,2872.65
4415,76.99,181.47,211.82,153.31,2872.4
4416,76.99,182.21,210.87,154.23,2876.18
4417,76.99,181.68,209.93,153.88,2874.15
4418,71.99,178.59,211.31,155.05,2883.99
4419,66.99,173.62,214.32,154.9,2895.28
4420,61.99,167.45,214.28,157.82,2908.27
4421,56.99,158.69,219.41,161.59,2925.53
4422,56.8,152.69,221.31,163.0,2938.05
4423,56.8,148.47,223.29,166.13,2947.22
4424,56.8,146.29,223.5,165.5,2951.63
4425,56.8,143.69,226.71,166.76,2953.5
4426,56.8,143.26,227.36,168.58,2956.16
4427,56.8,142.36,229.21,168.8,2958.76
4428,56.8,141.37,229.63,167.28,2959.86
4429,56.8,140.19,227.62,166.91,2962.85
4430,56.8,140.38,227.91,168.01,2961.29
4431,56.8,139.1,226.02,166.44,2962.96
4432,56.8,138.84,227.34,167.6,2960.3
4433,61.8,142.36,226.99,165.51,2957.04
4434,66.8,147.6,224.47,165.52,2946.8
4435,71.8,155.02,223.1,162.42,2934.79
4436,75.96,162.12,219.11,159.8,2917.39
4437,75.96,167.75,217.14,157.79,2907.81
4438,75.96,171.15,215.16,156.82,2900.68
4439,75.96,173.85,213.74,156.78,2894.32
4440,75.96,175.23,211.64,156.86,2890.33
4441,75.96,176.62,212.68,155.75,2884.77
4442,75.96,177.53,212.67,155.14,2886.57
4443,75.96,176.88,213.48,155.56,2885.8
4444,75.96,176.01,214.21,154.39,2883.33
4445,75.96,176.98,213.85,154.91,2884.4
4446,75.96,178.15,213.43,155.1,2881.19
4447,75.96,178.19,213.79,155.57,2882.56
4448,75.96,178.33,214.05,154.29,2884.23
4449,75.96,178.56,215.01,153.11,2886.78
4450,75.96,178.67,213.62,153.66,2883.64
4451,75.96,178.89,212.28,153.33,2883.8
4452,75.96,178.63,211.32,152.56,2881.94
4453,75.96,179.55,210.57,152.53,2882.03
4454,75.96,179.36,213.12,152.97,2882.38
4455,75.96,179.88,213.6,153.59,2881.63
4456,75.96,180.79,212.91,153.49,2880.13
4457,75.96,179.54,213.35,151.89,2880.37
4458,75.96,179.44,215.07,151.18,2878.74
4459,70.96,176.24,215.19,152.62,2885.54
4460,65.96,170.3,217.18,153.1,2896.71
4461,60.96,163.32,220.58,157.6,2910.22
4462,55.96,156.27,222.98,159.47,2930.13
4463,50.96,147.76,226.33,163.01,2947.43
4464,45.96,138.35,228.7,165.62,2966.53
4465,42.59,129.62,233.49,168.57,2981.16
4466,42.59,122.9,235.79,169.92,2993.82
4467,42.59,118.5,236.94,172.12,3002.31
4468,42.59,115.43,238.37,173.92,3008.54
4469,42.59,113.93,238.61,174.9,3016.96
4470,42.59,112.18,238.35,174.9,3019.96
4471,42.59,111.31,238.29,174.68,3021.51
4472,42.59,110.55,239.91,175.54,3021.88
4473,42.59,110.2,241.27,174.53,3019.74
4474,42.59,109.84,240.9,173.86,3023.82
4475,42.59,110.8,240.78,174.11,3022.64
4476,42.59,110.95,242.35,172.79,3023.14
4477,42.59,109.84,243.9,173.64,3020.89
4478,42.59,109.6,242.95,174.3,3023.05
4479,42.59,108.97,244.4,175.63,3020.72
4480,42.59,109.15,245.29,176.26,3020.17
4481,42.59,109.64,247.2,175.8,3019.19
4482,42.59,109.67,245.79,174.98,3020.66
4483,42.59,108.97,243.89,175.42,3017.29
4484,42.59,109.56,241.21,173.75,3017.44
4485,42.59,109.67,242.67,174.0,3018.06
4486,42.59,109.89,241.5,174.25,3016.58
4487,42.59,109.79,241.42,173.66,3018.28
4488,42.59,109.76,242.67,172.61,3018.98
4489,47.59,112.43,241.89,172.87,3014.34
4490,52.59,117.48,240.01,170.32,3000.31
4491,57.59,123.88,236.43,169.4,2981.7
4492,62.59,132.81,232.73,166.06,2968.53
4493,67.59,142.09,229.26,164.95,2950.08
4494,72.59,150.99,223.96,163.78,2934.87
4495,77.59,162.0,219.36,160.1,2916.37
4496,79.24,170.0,215.79,157.91,2901.81
4497,74.24,171.79,214.36,157.06,2897.37
4498,69.24,169.87,216.3,158.89,2899.24
4499,64.24,165.18,217.24,159.81,2907.45
4500,59.24,159.07,221.18,159.18,2921.56
4501,55.65,152.17,224.26,160.69,2937.37
4502,55.65,148.04,226.53,163.1,2944.55
4503,55.65,144.37,228.3,163.54,2953.96
4504,55.65,141.96,229.28,166.14,2956.24
4505,55.65,140.46,230.53,167.04,2958.6
4506,55.65,139.12,230.11,168.07,2960.34
4507,55.65,138.48,229.63,168.2,2962.44
4508,55.65,137.5,228.74,166.12,2961.93
4509,55.65,137.7,230.42,166.82,2964.34
4510,55.65,137.39,231.04,166.99,2968.53
4511,60.65,140.33,230.7,166.67,2963.03
4512,65.65,144.58,228.69,164.75,2950.51
4513,70.65,150.97,225.0,162.64,2933.74
4514,75.65,158.6,221.57,160.93,2918.68
4515,78.19,166.86,217.9,158.53,2902.72
4516,78.19,171.29,217.27,157.8,2890.59
4517,78.19,175.24,214.88,156.17,2884.07
4518,78.19,178.12,214.12,155.56,2880.08
4519,78.19,179.87,213.71,155.19,2877.68
4520,78.19,181.15,212.83,154.18,2877.49
4521,78.19,181.53,211.46,154.34,2873.45
4522,78.19,181.55,210.97,152.61,2870.29
4523,78.19,182.73,210.36,153.78,2868.27
4524,78.19,183.12,210.54,152.63,2871.33
4525,78.19,183.7,208.66,152.74,2872.18
4526,78.19,183.56,207.47,153.06,2876.42
4527,78.19,183.56,209.68,152.47,2875.4
4528,78.19,184.14,209.66,152.41,2875.71
4529,78.19,185.11,209.95,152.2,2874.09
4530,78.19,186.1,209.99,151.99,2871.05
4531,78.19,184.62,210.24,152.84,2870.41
4532,78.19,184.49,208.89,153.02,2871.73
4533,78.19,184.14,210.8,152.37,2872.25
4534,78.19,184.58,210.37,152.43,2869.19
4535,78.19,185.15,209.98,153.06,2871.25
4536,78.19,184.55,209.67,154.13,2869.12
4537,73.19,182.36,210.26,153.77,2876.42
4538,70.3,179.05,210.29,154.88,2885.87
4539,70.3,175.64,212.61,155.18,2890.33
4540,70.3,173.16,212.71,155.94,2893.88
4541,70.3,171.27,214.24,155.05,2896.68
4542,70.3,171.33,213.9,156.91,2899.21
4543,70.3,169.92,213.43,157.29,2903.77
4544,70.3,169.04,214.34,158.26,2904.75
4545,70.3,167.83,215.15,159.34,2904.67
4546,70.3,166.4,216.02,158.72,2901.03
4547,70.3,165.93,217.21,157.87,2900.33
4548,70.3,166.42,216.42,157.93,2901.25
4549,70.3,166.18,216.0,158.25,2902.38
4550,70.3,166.58,218.16,158.71,2904.79
4551,70.3,166.81,217.95,158.1,2906.33
4552,70.3,167.0,217.81,158.14,2905.82
4553,65.3,165.51,218.17,158.41,2913.18
4554,60.3,159.55,220.14,159.16,2924.23
4555,55.3,152.77,222.85,162.03,2933.57
4556,50.3,144.28,226.25,163.43,2946.62
4557,45.3,135.38,230.84,167.27,2964.46
4558,44.89,129.41,234.1,169.99,2977.86
4559,44.89,123.97,235.82,170.1,2986.5
4560,44.89,120.91,236.62,171.1,2995.39
4561,44.89,118.73,237.91,171.7,3002.09
4562,44.89,117.3,238.34,171.81,3004.58
4563,44.89,116.0,237.83,172.81,3004.48
4564,39.89,112.17,240.73,173.5,3014.53
4565,34.89,106.2,242.04,173.9,3028.84
4566,29.89,98.6,246.1,175.55,3045.16
4567,24.89,91.81,247.87,177.54,3061.8
4568,23.38,85.25,251.97,179.61,3077.77
4569,23.38,80.47,252.85,181.31,3082.57
4570,23.38,77.85,254.02,183.1,3087.4
4571,23.38,74.92,253.59,184.44,3094.31
4572,23.38,72.72,253.66,185.54,3093.27
4573,23.38,72.24,254.34,184.79,3096.32
4574,23.38,70.78,255.02,185.43,3093.1
4575,23.38,71.1,256.24,184.56,3093.68
4576,23.38,71.0,257.66,186.09,3094.75
4577,23.38,70.58,258.47,186.61,3099.11
4578,23.38,69.78,258.5,185.93,3099.81
4579,23.38,69.92,256.99,186.83,3098.13
4580,23.38,69.52,258.82,186.83,3099.91
4581,23.38,68.81,257.82,187.33,3099.29
4582,23.38,68.65,259.12,186.08,3100.58
4583,23.38,68.81,259.07,185.63,3099.79
4584,23.38,68.36,259.52,185.2,3102.33
4585,23.38,68.47,258.29,185.24,3101.34
4586,23.38,69.16,258.12,185.24,3104.3
4587,23.38,69.4,260.03,186.47,3101.78
4588,23.38,69.81,261.24,187.54,3103.76
4589,23.38,70.08,260.25,186.4,3102.46
4590,28.38,72.1,259.85,185.15,3098.55
4591,33.38,76.89,257.97,183.2,3084.35
4592,38.38,84.82,255.32,181.5,3070.75
4593,43.38,92.92,251.21,178.61,3054.04
4594,48.38,102.51,249.45,177.57,3037.82
4595,53.38,111.22,243.41,174.1,3018.11
4596,58.38,121.71,240.43,171.96,2997.19
4597,63.38,131.57,234.95,167.24,2978.75
4598,68.38,140.76,229.19,164.56,2957.96
4599,68.77,147.84,225.78,161.31,2946.96
4600,68.77,152.33,222.53,160.28,2936.0
4601,68.77,156.69,221.47,160.27,2929.09
4602,68.77,159.12,220.77,158.26,2923.21
4603,68.77,161.3,223.91,157.44,2920.44
4604,68.77,161.95,224.22,156.75,2918.9
4605,68.77,161.99,222.06,157.32,2918.71
4606,68.77,162.18,221.54,157.76,2916.99
4607,68.77,163.33,219.23,158.7,2914.1
4608,68.77,164.21,219.22,158.54,2912.03
4609,68.77,164.69,220.15,158.17,2909.5
4610,68.77,164.95,218.09,157.3,2907.87
4611,68.77,164.59,216.76,156.18,2906.58
4612,68.77,164.86,215.89,156.67,2911.85
4613,68.77,164.71,216.9,156.54,2915.96
4614,68.77,164.35,217.03,158.25,2914.16
4615,68.77,164.4,217.07,158.18,2914.0
4616,68.77,164.68,216.74,157.73,2911.92
4617,68.77,163.9,215.56,158.27,2913.57
4618,68.77,164.5,213.94,158.21,2910.64
4619,73.77,167.7,213.42,157.94,2904.45
4620,78.77,172.07,211.16,156.39,2894.04
4621,79.8,176.02,208.73,155.15,2882.48
4622,79.8,178.65,208.12,153.85,2875.43
4623,79.8,180.98,208.15,152.76,2872.4
4624,79.8,182.77,208.33,153.27,2871.81
4625,79.8,184.85,209.12,153.11,2868.85
4626,79.8,185.48,207.96,152.82,2869.05
4627,79.8,185.74,207.99,152.07,2868.21
4628,79.8,186.02,207.31,151.54,2868.21
4629,79.8,186.44,207.14,151.92,2866.37
4630,79.8,187.34,206.48,151.83,2863.1
4631,79.8,187.24,205.31,152.52,2865.16
4632,79.8,187.73,206.2,151.69,2863.47
4633,79.8,188.45,208.23,151.92,2862.85
4634,79.8,188.87,207.52,152.16,2866.15
4635,79.8,188.07,208.55,152.57,2865.68
4636,79.8,187.42,207.71,152.66,2862.58
4637,74.8,184.38,209.75,154.19,2866.77
4638,69.8,179.7,213.67,155.7,2876.71
4639,66.14,173.29,215.66,157.3,2890.41
4640,66.14,169.11,217.02,158.42,2899.03
4641,66.14,165.88,217.48,160.52,2908.91
4642,66.14,164.06,219.7,161.1,2913.27
4643,66.14,161.76,219.67,160.6,2913.68
4644,66.14,160.15,220.41,160.77,2913.91
4645,66.14,159.4,221.59,159.93,2916.74
4646,66.14,159.15,221.76,159.36,2918.56
4647,66.14,159.16,221.6,159.71,2920.35
4648,66.14,160.18,223.83,159.38,2916.27
4649,66.14,160.09,223.01,160.51,2918.62
4650,66.14,159.76,223.38,161.47,2916.93
4651,66.14,159.09,222.4,161.2,2918.06
4652,66.14,159.25,222.82,162.31,2920.47
4653,66.14,158.72,221.97,161.65,2922.02
4654,66.14,158.96,223.57,160.88,2922.85
4655,66.14,160.12,222.06,160.83,2920.77
4656,66.14,159.79,220.8,161.51,2921.5
4657,66.14,159.05,221.54,161.3,2923.62
4658,66.14,158.43,221.59,161.62,2922.35
4659,66.14,157.94,221.22,162.21,2924.56
4660,66.14,158.01,219.71,161.3,2922.92
4661,66.14,158.5,219.83,160.4,2924.92
4662,66.14,158.69,220.46,159.0,2919.26
4663,66.14,158.03,219.99,159.85,2915.46
4664,66.14,159.09,220.3,161.08,2915.72
4665,70.98,162.33,219.13,160.63,2911.1
4666,70.98,164.58,219.33,159.15,2908.82
4667,70.98,164.98,219.07,160.19,2904.25
4668,70.98,166.16,219.07,159.38,2903.87
4669,70.98,166.83,217.75,158.72,2903.36
4670,70.98,166.91,217.2,159.58,2902.08
4671,70.98,166.93,216.72,158.36,2899.35
4672,70.98,167.64,215.83,157.58,2900.42
4673,70.98,167.3,214.18,158.06,2897.0
4674,70.98,167.34,212.96,157.48,2899.32
4675,70.98,167.91,216.3,158.33,2898.23
4676,65.98,164.5,220.3,159.8,2906.81
4677,60.98,159.61,222.02,159.7,2918.24
4678,55.98,153.03,223.4,161.28,2935.27
4679,50.98,145.17,228.68,162.33,2949.41
4680,47.03,136.48,230.17,164.5,2965.96
4681,47.03,131.3,231.74,164.9,2979.86
4682,47.03,127.4,232.4,167.19,2987.05
4683,47.03,124.65,234.13,167.64,2993.2
4684,52.03,125.54,233.24,168.5,2992.08
4685,57.03,130.6,232.92,167.43,2979.52
4686,62.03,137.2,231.67,165.49,2969.34
4687,67.03,144.11,229.57,163.37,2958.04
4688,72.03,152.65,227.05,161.02,2940.67
4689,77.03,160.9,222.98,159.57,2926.2
4690,77.24,167.53,219.95,157.42,2912.1
4691,77.24,171.75,217.23,156.43,2900.44
4692,77.24,174.92,214.83,155.29,2895.13
4693,77.24,177.19,213.87,153.63,2890.11
4694,77.24,178.96,212.46,155.31,2881.18
4695,77.24,180.33,212.58,155.25,2879.85
4696,77.24,181.17,212.82,154.19,2879.17
4697,77.24,181.39,211.02,154.6,2876.96
4698,77.24,180.89,210.32,153.68,2878.6
4699,77.24,181.36,211.75,153.14,2879.44
4700,77.24,183.04,211.73,153.98,2879.67
4701,77.24,182.08,211.94,154.13,2877.92
4702,77.24,181.67,212.2,153.21,2881.49
4703,77.24,181.89,210.46,152.93,2879.16
4704,72.24,180.04,210.93,153.95,2883.31
4705,67.24,174.64,212.97,154.75,2893.2
4706,62.24,167.31,215.68,156.69,2909.18
4707,57.24,159.02,218.39,159.01,2924.41
4708,52.24,149.56,224.39,162.6,2944.12
4709,47.24,140.65,226.23,166.54,2959.63
4710,42.24,130.68,231.11,170.08,2980.62
4711,37.24,121.39,235.41,172.09,3000.2
4712,33.72,112.15,240.57,175.06,3018.84
4713,33.72,104.49,243.42,176.38,3031.04
4714,33.72,100.01,243.97,177.77,3038.53
4715,33.72,97.53,245.0,179.5,3046.49
4716,33.72,95.66,246.18,180.26,3050.84
4717,33.72,94.33,248.27,181.26,3050.6
4718,33.72,92.75,247.9,179.61,3052.81
4719,33.72,92.47,248.41,179.23,3056.73
4720,33.72,92.04,249.12,180.31,3056.98
4721,33.72,92.7,248.83,181.75,3055.45
4722,33.72,92.39,248.44,182.05,3055.37
4723,33.72,92.06,248.15,182.12,3054.97
4724,33.72,92.53,247.61,180.34,3057.89
4725,38.72,94.87,246.86,179.01,3049.11
4726,43.72,99.91,246.27,178.24,3039.76
4727,48.72,107.19,242.17,175.74,3027.24
4728,53.72,114.81,238.77,172.39,3007.22
4729,57.09,122.74,235.97,171.12,2992.25
4730,57.09,127.53,233.77,170.19,2982.18
4731,57.09,131.63,231.22,168.73,2975.46
4732,57.09,134.72,230.65,169.23,2968.19
4733,57.09,136.34,230.22,168.68,2964.18
4734,57.09,138.24,229.75,166.93,2962.96
4735,57.09,138.58,232.2,167.42,2962.24
4736,57.09,138.91,232.07,167.71,2955.82
4737,57.09,139.53,231.07,166.08,2958.9
4738,52.09,137.61,232.24,167.76,2969.21
4739,47.09,131.58,232.0,169.48,2978.62
4740,42.09,123.93,234.96,171.64,2991.71
4741,37.09,115.72,238.23,173.46,3003.6
4742,32.09,107.15,240.75,176.17,3018.97
4743,27.09,98.58,244.81,178.01,3039.74
4744,26.81,91.46,248.4,179.2,3052.92
4745,26.81,87.12,249.5,179.6,3063.75
4746,26.81,83.86,251.58,181.15,3070.96
4747,26.81,81.9,252.96,180.38,3072.39
4748,26.81,81.19,253.84,182.2,3076.2
4749,26.81,79.69,253.99,184.68,3080.06
4750,26.81,78.41,252.9,186.03,3081.93
4751,26.81,78.15,254.65,185.03,3084.91
4752,26.81,77.3,254.02,185.62,3085.34
4753,26.81,77.26,254.99,185.62,3082.84
4754,26.81,76.68,254.93,184.44,3085.06
4755,26.81,77.16,256.55,184.01,3086.34
4756,26.81,77.13,256.97,183.28,3090.29
4757,26.81,77.35,257.59,184.43,3090.49
4758,26.81,76.52,256.94,182.96,3090.39
4759,31.81,79.52,255.22,183.31,3082.27
4760,36.81,84.73,252.74,180.22,3070.67
4761,41.81,90.41,249.04,179.31,3057.68
4762,46.81,98.48,245.73,176.23,3041.39
4763,51.22,108.67,244.03,174.18,3024.76
4764,51.22,113.85,240.19,173.0,3011.74
4765,51.22,118.41,239.87,172.15,3003.89
4766,51.22,120.32,238.83,170.37,2997.35
4767,51.22,122.97,238.38,169.67,2992.79
4768,51.22,124.0,235.84,169.04,2987.19
4769,51.22,125.41,235.65,169.56,2984.59
4770,51.22,125.45,235.18,169.52,2984.38
4771,51.22,125.94,236.51,169.79,2988.47
4772,51.22,127.06,237.43,168.77,2988.58
4773,51.22,126.99,234.71,170.12,2986.89
4774,51.22,126.64,234.05,169.23,2984.9
4775,51.22,126.8,235.74,168.71,2988.21
4776,51.22,127.45,235.58,169.47,2987.24
4777,51.22,128.13,235.65,168.08,2987.13
4778,51.22,128.35,234.84,168.54,2985.23
4779,51.22,127.42,233.01,167.53,2986.46
4780,51.22,126.22,232.61,167.44,2985.42
4781,51.22,125.69,233.4,166.97,2987.53
4782,51.22,125.94,233.46,167.66,2987.22
4783,51.21,126.44,233.17,168.42,2987.46
4784,51.21,126.39,233.82,169.63,2988.11
4785,51.21,127.2,234.02,168.77,2985.53
4786,51.21,127.46,234.93,171.15,2987.31
4787,51.21,126.9,233.86,172.41,2986.17
4788,51.21,127.12,232.91,172.72,2986.79
4789,51.21,126.86,232.22,171.93,2986.32
4790,51.21,127.48,233.27,170.92,2984.81
4791,51.21,127.42,232.91,170.33,2984.88
4792,51.21,127.0,233.84,169.71,2983.21
4793,51.21,126.99,234.11,169.65,2984.56
4794,51.21,127.6,235.35,169.76,2982.53
4795,51.21,127.45,233.92,170.97,2987.22
4796,51.21,127.8,234.77,170.67,2987.26
4797,51.21,126.93,234.44,169.54,2987.12
4798,51.21,127.08,236.23,170.2,2987.03
4799,51.21,127.08,237.21,169.9,2987.06
4800,51.21,127.24,235.82,169.74,2982.49
4801,51.21,126.56,235.59,170.85,2983.92
4802,51.21,126.49,233.65,171.01,2983.08
4803,51.21,127.13,234.12,170.87,2983.7
4804,51.21,127.44,233.93,169.88,2982.14
4805,51.21,126.28,233.75,170.92,2984.43
4806,51.21,126.77,233.06,171.22,2984.34
4807,51.21,127.79,232.34,170.04,2982.82
4808,51.21,126.97,231.87,169.89,2982.02
4809,53.11,126.42,233.04,168.02,2981.67
4810,53.11,127.97,234.91,168.85,2979.24
4811,53.11,128.69,235.6,167.45,2978.92
4812,53.11,129.48,234.23,167.94,2978.7
4813,53.11,130.33,233.76,168.33,2978.35
4814,53.11,130.36,233.3,167.7,2976.36
4815,53.11,130.55,232.85,167.86,2978.36
4816,53.11,130.6,232.85,168.03,2976.71
4817,53.11,130.92,233.66,168.21,2977.23
4818,53.11,130.75,235.19,167.67,2973.8
4819,53.11,131.42,234.18,167.57,2973.64
4820,53.11,132.39,233.94,168.18,2974.95
4821,53.11,132.27,234.81,167.96,2972.63
4822,53.11,132.49,234.53,168.1,2974.86
4823,53.11,132.02,233.85,168.0,2974.29
4824,53.11,132.47,231.94,169.93,2976.84
4825,53.11,131.3,231.79,169.26,2977.64
4826,53.11,130.88,231.95,168.82,2975.95
4827,53.11,130.64,232.94,167.26,2977.2
4828,58.11,134.46,231.15,166.66,2973.14
4829,63.11,139.53,228.16,164.91,2964.01
4830,68.11,147.23,223.93,163.98,2950.62
4831,72.6,155.57,221.53,161.68,2936.25
4832,72.6,160.99,221.72,160.88,2924.21
4833,72.6,163.84,219.02,158.4,2915.04
4834,72.6,166.89,217.71,158.63,2909.73
4835,72.6,168.36,216.88,158.35,2905.61
4836,72.6,169.66,215.45,157.43,2906.97
4837,72.6,171.12,213.74,155.24,2903.56
4838,72.6,171.97,213.49,156.42,2901.13
4839,72.6,172.03,214.6,156.0,2898.75
4840,72.6,172.5,214.59,157.66,2899.03
4841,72.6,172.8,214.56,157.99,2897.2
4842,72.6,172.84,213.67,158.36,2897.15
4843,67.6,170.57,217.71,159.29,2902.97
4844,62.6,164.36,220.4,160.41,2914.28
4845,57.6,158.2,221.9,161.18,2926.95
4846,52.6,150.29,225.69,162.64,2944.1
4847,47.6,140.59,228.29,165.19,2959.79
4848,52.6,138.0,229.89,167.58,2965.08
4849,57.6,138.82,230.58,166.86,2965.97
4850,62.6,142.88,226.15,166.48,2959.13
4851,65.31,147.64,222.76,164.25,2947.93
4852,65.31,150.07,224.04,163.21,2941.19
4853,65.31,152.47,223.77,159.82,2935.25
4854,65.31,153.17,223.4,159.89,2932.42
4855,65.31,153.32,222.44,161.06,2933.22
4856,65.31,154.83,220.74,161.99,2932.42
4857,65.31,155.47,218.86,162.4,2929.22
4858,65.31,156.14,219.64,163.16,2927.91
4859,65.31,156.44,221.69,161.93,2928.88
4860,65.31,156.55,220.55,161.6,2929.31
4861,65.31,157.41,222.22,161.13,2926.25
4862,65.31,157.17,220.74,160.86,2925.41
4863,65.31,157.53,218.68,160.26,2924.05
4864,65.31,158.01,218.33,160.61,2924.29
4865,65.31,158.27,219.79,160.77,2923.6
4866,65.31,157.01,220.47,161.21,2921.08
4867,65.31,156.43,220.95,161.36,2920.49
4868,62.24,154.43,220.02,162.85,2923.31
4869,62.24,153.59,221.17,163.82,2926.31
4870,62.24,152.76,220.32,161.92,2931.18
4871,62.24,151.25,221.19,162.95,2934.89
4872,62.24,150.76,220.44,163.27,2938.68
4873,62.24,150.41,220.7,162.66,2939.79
4874,62.24,151.12,220.44,161.46,2944.1
4875,62.24,150.91,221.76,161.27,2943.42
4876,62.24,151.33,222.72,163.07,2941.32
4877,62.24,151.01,223.33,163.32,2940.95
4878,57.24,147.13,225.19,163.72,2945.37
4879,52.24,141.92,226.56,164.29,2950.7
4880,47.24,135.98,230.39,166.41,2964.63
4881,42.24,126.36,233.14,169.45,2983.9
4882,37.24,118.24,237.3,172.96,3001.14
4883,41.04,115.16,238.65,172.98,3007.08
4884,41.04,111.93,240.63,173.1,3011.19
4885,41.04,110.56,241.69,174.56,3017.15
4886,41.04,108.87,242.18,174.9,3018.46
4887,41.04,107.51,241.77,176.68,3020.39
4888,41.04,107.72,241.69,177.0,3024.38
4889,41.04,107.74,242.49,177.61,3026.12
4890,41.04,108.12,241.04,177.22,3027.14
4891,41.04,107.07,242.23,175.48,3025.99
4892,41.04,105.8,244.04,175.26,3030.82
4893,41.04,106.32,244.2,174.83,3027.78
4894,41.04,106.53,243.79,173.92,3024.71
4895,41.04,105.95,245.39,176.13,3026.0
4896,41.04,106.09,244.36,175.16,3029.25
4897,41.04,107.05,243.08,175.16,3027.87
4898,41.04,106.58,244.26,174.17,3028.74
4899,41.04,106.82,243.76,175.25,3028.71
4900,41.04,107.24,242.03,175.01,3028.25
4901,41.04,105.58,241.26,174.47,3029.96
4902,43.53,106.98,240.31,174.95,3022.89
4903,43.53,107.28,240.1,173.47,3018.35
4904,43.53,108.81,241.19,174.22,3020.21
4905,43.53,110.21,238.95,174.48,3018.23
4906,43.53,110.2,240.07,172.92,3014.41
4907,43.53,110.89,240.78,173.31,3013.47
4908,43.53,111.42,241.47,173.55,3012.22
4909,43.53,111.21,242.12,174.71,3013.05
4910,43.53,111.15,241.56,174.68,3013.12
4911,43.53,109.78,242.53,175.88,3013.1
4912,43.53,109.74,241.88,175.13,3016.31
4913,43.53,110.27,240.77,173.7,3018.29
4914,43.53,110.92,241.85,172.98,3021.63
4915,43.53,110.2,242.25,171.72,3018.71
4916,43.53,111.35,242.65,171.93,3017.2
4917,48.53,114.57,241.26,172.62,3009.98
4918,53.53,119.12,238.59,170.83,2996.93
4919,58.53,126.41,234.99,169.29,2982.31
4920,63.53,134.76,230.02,166.4,2967.08
4921,68.53,144.38,227.3,165.01,2953.43
4922,73.53,155.19,223.3,163.41,2936.78
4923,74.25,161.91,222.03,160.68,2921.19
4924,74.25,166.27,219.19,159.37,2914.4
4925,74.25,168.93,217.08,158.33,2906.07
4926,74.25,170.07,215.33,158.02,2903.57
4927,74.25,171.25,213.52,157.27,2894.79
4928,74.25,172.43,211.68,157.82,2891.26
4929,74.25,174.3,213.25,156.59,2888.19
4930,69.25,171.54,214.47,157.43,2892.92
4931,64.25,166.93,217.05,158.36,2902.67
4932,59.25,160.09,219.12,160.23,2917.38
4933,54.25,152.37,224.5,162.29,2935.82
4934,50.84,144.8,227.19,164.36,2950.9
4935,50.84,139.53,228.34,164.73,2962.88
4936,50.84,136.15,230.86,166.28,2971.49
4937,50.84,133.69,232.66,166.56,2973.79
4938,50.84,131.42,233.12,167.25,2973.85
4939,50.84,130.88,233.18,168.06,2980.12
4940,50.84,128.47,232.99,168.18,2981.36
4941,50.84,127.87,234.81,169.11,2984.81
4942,50.84,127.56,233.24,167.57,2982.25
4943,50.84,127.5,233.58,167.98,2982.78
4944,50.84,128.29,232.95,169.17,2983.89
4945,50.84,127.8,234.52,170.44,2984.19
4946,50.84,127.89,234.8,170.16,2985.28
4947,50.84,127.21,234.33,169.5,2987.44
4948,50.84,127.03,233.0,168.92,2980.75
4949,50.84,126.7,233.41,168.98,2986.43
4950,50.84,127.01,234.19,167.82,2985.71
4951,50.84,126.69,233.42,167.68,2982.33
4952,50.84,126.07,234.54,168.11,2982.56
4953,50.84,126.28,235.62,168.53,2984.81
4954,45.84,122.85,235.94,170.0,2995.4
4955,43.79,120.3,237.92,171.24,3004.4
4956,43.79,118.2,236.42,171.14,3008.58
4957,43.79,115.43,236.78,171.36,3010.31
4958,43.79,114.25,237.63,172.73,3011.51
4959,43.79,113.37,237.17,173.85,3011.54
4960,43.79,112.41,238.41,173.2,3011.84
4961,43.79,112.4,238.73,175.2,3012.96
4962,43.79,112.58,237.35,174.07,3011.72
4963,43.79,111.92,238.74,174.8,3013.72
4964,43.79,111.82,238.66,175.37,3018.56
4965,43.79,111.93,240.18,175.15,3019.33
4966,43.79,111.36,239.81,175.04,3020.78
4967,43.79,111.13,238.01,174.24,3021.38
4968,43.79,110.59,237.61,174.21,3019.56
4969,43.79,111.3,237.27,173.81,3020.9
4970,43.79,110.9,239.74,172.93,3021.15
4971,43.79,111.03,238.85,172.77,3020.72
4972,43.79,111.31,240.49,174.2,3016.96
4973,43.79,110.88,239.21,173.34,3018.9
4974,48.79,114.63,237.73,172.55,3014.56
4975,53.79,121.09,236.15,168.97,3003.01
4976,58.79,128.27,233.65,168.28,2988.74
4977,63.79,135.36,229.45,166.06,2973.87
4978,68.79,143.71,226.5,164.1,2958.2
4979,71.74,151.77,221.42,162.47,2944.62
4980,71.74,157.79,218.84,159.95,2928.94
4981,71.74,162.65,217.49,158.52,2919.54
4982,71.74,164.9,218.44,157.24,2915.65
4983,71.74,166.69,218.74,158.42,2910.73
4984,71.74,167.72,217.82,157.91,2903.8
4985,71.74,169.38,217.35,156.69,2898.13
4986,71.74,168.6,217.54,156.27,2897.39
4987,71.74,169.46,216.39,156.92,2897.97
4988,71.74,169.78,214.53,156.27,2899.39
4989,71.74,169.7,216.01,158.35,2900.49
4990,71.74,170.73,216.56,157.51,2900.35
4991,71.74,171.72,215.7,156.51,2897.58
4992,71.74,171.29,214.61,157.98,2898.34
4993,71.74,171.59,214.56,156.76,2895.83
4994,71.74,170.85,215.17,157.24,2897.89
4995,71.74,170.05,215.25,156.33,2898.93
4996,71.74,170.47,214.13,157.29,2903.54
4997,71.74,170.95,214.36,156.94,2901.66
4998,71.74,170.48,214.93,156.03,2896.99
4999,71.74,170.64,215.1,155.85,2894.93
